Nome: PITANGUEIRAS(SV-BA)
Codigo Estacao: 83230
Latitude: -12.97
Longitude: -38.5
Altitude: 66
Situacao: Desativada
Data Inicial: 1960-01-01
Data Final: 1965-04-29
Periodicidade da Medicao: Diaria

Data Medicao;EVAPORACAO DO PICHE, DIARIA(mm);INSOLACAO TOTAL, DIARIO(h);PRECIPITACAO TOTAL, DIARIO(mm);TEMPERATURA MAXIMA, DIARIA(°C);TEMPERATURA MEDIA COMPENSADA, DIARIA(°C);TEMPERATURA MINIMA, DIARIA(°C);UMIDADE RELATIVA DO AR, MEDIA DIARIA(%);VENTO, VELOCIDADE MEDIA DIARIA(m/s);
1961-01-01;null;null;null;null;null;null;null;null;
1961-01-02;null;null;null;null;null;null;null;null;
1961-01-03;null;null;null;null;null;null;null;null;
1961-01-04;null;null;null;null;null;null;null;null;
1961-01-05;null;null;null;null;null;null;null;null;
1961-01-06;null;null;null;null;null;null;null;null;
1961-01-07;null;null;null;null;null;null;null;null;
1961-01-08;null;null;null;null;null;null;null;null;
1961-01-09;null;null;null;null;null;null;null;null;
1961-01-10;null;null;null;null;null;null;null;null;
1961-01-11;null;null;null;null;null;null;null;null;
1961-01-12;null;null;null;null;null;null;null;null;
1961-01-13;null;null;null;null;null;null;null;null;
1961-01-14;null;null;null;null;null;null;null;null;
1961-01-15;null;null;null;null;null;null;null;null;
1961-01-16;null;null;null;null;null;null;null;null;
1961-01-17;null;null;null;null;null;null;null;null;
1961-01-18;null;null;null;null;null;null;null;null;
1961-01-19;null;null;null;null;null;null;null;null;
1961-01-20;null;null;null;null;null;null;null;null;
1961-01-21;null;null;null;null;null;null;null;null;
1961-01-22;null;null;null;null;null;null;null;null;
1961-01-23;null;null;null;null;null;null;null;null;
1961-01-24;null;null;null;null;null;null;null;null;
1961-01-25;null;null;null;null;null;null;null;null;
1961-01-26;null;null;null;null;null;null;null;null;
1961-01-27;null;null;null;null;null;null;null;null;
1961-01-28;null;null;null;null;null;null;null;null;
1961-01-29;null;null;null;null;null;null;null;null;
1961-01-30;null;null;null;null;null;null;null;null;
1961-01-31;null;null;null;null;null;null;null;null;
1961-02-01;null;null;null;null;null;null;null;null;
1961-02-02;null;null;null;null;null;null;null;null;
1961-02-03;null;null;null;null;null;null;null;null;
1961-02-04;null;null;null;null;null;null;null;null;
1961-02-05;null;null;null;null;null;null;null;null;
1961-02-06;null;null;null;null;null;null;null;null;
1961-02-07;null;null;null;null;null;null;null;null;
1961-02-08;null;null;null;null;null;null;null;null;
1961-02-09;null;null;null;null;null;null;null;null;
1961-02-10;null;null;null;null;null;null;null;null;
1961-02-11;null;null;null;null;null;null;null;null;
1961-02-12;null;null;null;null;null;null;null;null;
1961-02-13;null;null;null;null;null;null;null;null;
1961-02-14;null;null;null;null;null;null;null;null;
1961-02-15;null;null;null;null;null;null;null;null;
1961-02-16;null;null;null;null;null;null;null;null;
1961-02-17;null;null;null;null;null;null;null;null;
1961-02-18;null;null;null;null;null;null;null;null;
1961-02-19;null;null;null;null;null;null;null;null;
1961-02-20;null;null;null;null;null;null;null;null;
1961-02-21;null;null;null;null;null;null;null;null;
1961-02-22;null;null;null;null;null;null;null;null;
1961-02-23;null;null;null;null;null;null;null;null;
1961-02-24;null;null;null;null;null;null;null;null;
1961-02-25;null;null;null;null;null;null;null;null;
1961-02-26;null;null;null;null;null;null;null;null;
1961-02-27;null;null;null;null;null;null;null;null;
1961-02-28;null;null;null;null;null;null;null;null;
1961-03-01;4;null;0;33,4;null;22,9;null;4;
1961-03-02;5,3;null;0;34,4;null;22,9;null;1;
1961-03-03;4,9;null;0;28,9;null;21,9;null;2;
1961-03-04;4;null;0;33,7;null;24,2;null;1;
1961-03-05;3,2;null;0;32;null;25,3;null;1;
1961-03-06;5;null;0;32,9;null;23,4;null;1;
1961-03-07;5,1;null;2;32,1;null;22,3;null;1;
1961-03-08;3,7;null;2;30,3;null;20,3;null;1;
1961-03-09;3,2;null;9,4;31,4;null;23,2;null;1;
1961-03-10;3,2;null;0;32,4;null;23,2;null;2;
1961-03-11;2,6;null;,8;32,3;null;23,3;null;2;
1961-03-12;4;null;0;33,4;null;22,3;null;1;
1961-03-13;5;null;0;33;null;22,4;null;2;
1961-03-14;4,9;null;0;32,2;null;22,4;null;0;
1961-03-15;4,5;null;1,2;32,3;null;23,2;null;2;
1961-03-16;2;null;,6;32,2;null;24;null;0;
1961-03-17;6;null;0;34,2;null;23,1;null;0;
1961-03-18;1,6;null;0;33,2;null;23,2;null;0;
1961-03-19;5,2;null;0;33,1;null;23,2;null;0;
1961-03-20;5;null;0;33,3;null;23,2;null;2;
1961-03-21;5,4;null;,4;32,2;null;24,2;null;0;
1961-03-22;2,8;null;7,4;32,4;null;23,2;null;2;
1961-03-23;3,2;null;17,8;31,9;null;23,2;null;6;
1961-03-24;4,7;null;1;31,2;null;23,9;null;4;
1961-03-25;4,1;null;1,4;31,2;null;23,3;null;2;
1961-03-26;3;null;6,8;31,2;null;22,4;null;2;
1961-03-27;1,4;null;15,8;28,9;null;22,8;null;0;
1961-03-28;2,6;null;0;30,4;null;23,2;null;2;
1961-03-29;3,2;null;29,8;28,8;null;22;null;4;
1961-03-30;5,5;null;5,2;27;null;22;null;2;
1961-03-31;2,8;null;5,8;26;null;22,3;null;2;
1961-04-01;2;null;7;28,2;null;22,3;null;4;
1961-04-02;1;null;17,2;28;null;23,1;null;0;
1961-04-03;2,1;null;16,4;29,1;null;23,3;null;0;
1961-04-04;1,8;null;,2;30,8;null;21,6;null;4;
1961-04-05;3,8;null;0;31,2;null;23,1;null;2;
1961-04-06;2,4;null;1,2;31,2;null;22,9;null;2;
1961-04-07;5,6;null;2;30;null;22,2;null;0;
1961-04-08;2,4;null;8,8;30,4;null;22,4;null;2;
1961-04-09;4,8;null;2;29,2;null;23,3;null;2;
1961-04-10;1,3;null;2,8;29,3;null;23,3;null;2;
1961-04-11;3,1;null;8,4;30,6;null;22,9;null;4;
1961-04-12;5;null;0;30,2;null;23,9;null;2;
1961-04-13;5,6;null;1,6;30;null;24;null;2;
1961-04-14;3,2;null;25,8;29;null;23;null;2;
1961-04-15;2;null;7,4;29;null;22,4;null;2;
1961-04-16;4,4;null;0;29,4;null;23,3;null;2;
1961-04-17;2,8;null;11,4;30,2;null;23;null;1;
1961-04-18;5;null;,6;29,4;null;23,4;null;2;
1961-04-19;3,2;null;0;30,2;null;23,2;null;0;
1961-04-20;1,9;null;0;31,4;null;22,4;null;2;
1961-04-21;4,3;null;0;30,4;null;24,3;null;2;
1961-04-22;3,8;null;0;30,3;null;23,9;null;2;
1961-04-23;5,8;null;0;30,9;null;24;null;1;
1961-04-24;3,2;null;1,4;29,9;null;22,2;null;2;
1961-04-25;1,8;null;,8;30,6;null;23,2;null;2;
1961-04-26;4,3;null;,4;30,6;null;23,7;null;1;
1961-04-27;4,6;null;0;30,4;null;22,4;null;2;
1961-04-28;1,3;null;0;31,2;null;23,6;null;0;
1961-04-29;4,3;null;0;33;null;22,8;null;1;
1961-04-30;6,4;null;0;31,6;null;21,2;null;2;
1961-05-01;7,4;null;0;30,6;null;24,2;null;2;
1961-05-02;2,6;null;8,4;30,8;null;22,6;null;2;
1961-05-03;1,6;null;8,6;31,2;null;22,4;null;1;
1961-05-04;3;null;20,6;29,4;null;22,4;null;2;
1961-05-05;2,4;null;13,4;30;null;23;null;1;
1961-05-06;2;null;3,8;28,6;null;23;null;2;
1961-05-07;5,6;null;0;30,6;null;20,8;null;1;
1961-05-08;4,6;null;0;30,8;null;23,4;null;2;
1961-05-09;1,4;null;15,6;30,2;null;22,2;null;2;
1961-05-10;3,4;null;0;28;null;22,9;null;4;
1961-05-11;6,4;null;0;29,6;null;22,6;null;2;
1961-05-12;4,8;null;0;31,2;null;23;null;2;
1961-05-13;4;null;,6;28,9;null;22,2;null;2;
1961-05-14;3,8;null;2;30;null;21,6;null;1;
1961-05-15;4,4;null;0;29,8;null;22,8;null;2;
1961-05-16;3;null;2,6;29,4;null;23,4;null;2;
1961-05-17;4,2;null;10,6;29,2;null;22,6;null;2;
1961-05-18;2,4;null;2,2;29,2;null;22,2;null;2;
1961-05-19;3,2;null;0;29,8;null;21,6;null;2;
1961-05-20;2;null;0;30;null;22,4;null;1;
1961-05-21;5,6;null;0;29;null;25,2;null;2;
1961-05-22;2,6;null;,8;29,8;null;22,6;null;2;
1961-05-23;1,8;null;34,8;26,8;null;22,2;null;4;
1961-05-24;2;null;,6;28,8;null;22,6;null;2;
1961-05-25;4,2;null;1,4;28;null;22;null;2;
1961-05-26;1;null;2,2;27;null;21,6;null;1;
1961-05-27;3,4;null;null;27,2;null;21,8;null;1;
1961-05-28;1,8;null;20,2;28;null;21,8;null;2;
1961-05-29;2,2;null;39,2;25,2;null;21,6;null;4;
1961-05-30;1,6;null;6,8;28,6;null;21,2;null;4;
1961-05-31;4,6;null;14;28;null;21,2;null;2;
1961-06-01;2,4;null;null;29,6;null;21,6;null;2;
1961-06-02;1,9;null;null;28,9;null;24,6;null;2;
1961-06-03;5,3;null;null;29,3;null;24,3;null;2;
1961-06-04;2,6;null;null;28,2;null;22,8;null;2;
1961-06-05;2,6;null;null;29,4;null;21,8;null;2;
1961-06-06;19;null;null;28,6;null;22,8;null;1;
1961-06-07;4,2;null;null;28,6;null;21,6;null;2;
1961-06-08;3;null;null;27,6;null;21,9;null;2;
1961-06-09;2;null;null;28,6;null;20,6;null;2;
1961-06-10;3,2;null;null;26,9;null;24,2;null;2;
1961-06-11;3,2;null;null;28,2;null;21,2;null;2;
1961-06-12;6,8;null;null;27,4;null;21,8;null;2;
1961-06-13;6,8;null;null;29,8;null;21,6;null;2;
1961-06-14;2,2;null;null;29,2;null;23,9;null;1;
1961-06-15;3;null;null;30,2;null;20,8;null;1;
1961-06-16;3,4;null;16,2;29,6;null;21,2;null;2;
1961-06-17;3,8;null;null;28,6;null;22,2;null;2;
1961-06-18;4,6;null;null;27;null;22;null;3;
1961-06-19;3,2;null;null;28;null;21,4;null;6;
1961-06-20;3;null;null;26,2;null;20,8;null;2;
1961-06-21;5,6;null;null;27,6;null;21,8;null;2;
1961-06-22;2,6;null;null;27,6;null;22,2;null;2;
1961-06-23;2,4;null;null;27;null;20;null;3;
1961-06-24;1,8;null;null;26,8;null;20;null;4;
1961-06-25;4,4;null;null;28;null;21;null;2;
1961-06-26;null;null;null;27,6;null;20,8;null;2;
1961-06-27;4,1;null;null;23,2;null;20,8;null;4;
1961-06-28;2,8;null;null;26,8;null;21,2;null;3;
1961-06-29;6,7;null;null;27,4;null;22;null;3;
1961-06-30;2,4;null;null;27,6;null;22,9;null;3;
1961-07-01;5,2;null;2,4;27,8;null;20,4;null;2;
1961-07-02;6,5;null;6,8;27,2;null;20;null;2;
1961-07-03;4;null;0;26,8;null;22,8;null;2;
1961-07-04;4,1;null;4,4;27,6;null;20,4;null;2;
1961-07-05;4,3;null;,2;27,2;null;21,9;null;1;
1961-07-06;3,6;null;2,6;27,4;null;20;null;2;
1961-07-07;2;null;3,2;27,6;null;20,8;null;2;
1961-07-08;3;null;null;28,2;null;19,2;null;4;
1961-07-09;2,6;null;null;27,4;null;19,2;null;1;
1961-07-10;2,6;null;,8;28,2;null;19,2;null;1;
1961-07-11;2;null;null;25;null;20;null;4;
1961-07-12;3,8;null;null;25,4;null;20,6;null;2;
1961-07-13;5,9;null;3,2;25,9;null;20,2;null;2;
1961-07-14;3,1;null;null;26,6;null;21,2;null;1;
1961-07-15;5;null;7,6;27;null;19;null;2;
1961-07-16;4;null;2,8;26,4;null;20,4;null;2;
1961-07-17;1,9;null;13,6;26,2;null;19,2;null;1;
1961-07-18;3,1;null;3,6;25,4;null;19,8;null;2;
1961-07-19;3,6;null;11,2;27;null;20,4;null;4;
1961-07-20;3;null;null;26,2;null;20,8;null;4;
1961-07-21;5,2;null;,2;25,8;null;20,8;null;1;
1961-07-22;1,8;null;,2;26,8;null;20,2;null;1;
1961-07-23;2;null;12,4;26,4;null;20,2;null;1;
1961-07-24;4,6;null;5,6;26,4;null;20,6;null;1;
1961-07-25;4,2;null;null;27,2;null;20;null;1;
1961-07-26;5,6;null;0;28;null;18,8;null;1;
1961-07-27;,2;null;null;27,8;null;19,2;null;1;
1961-07-28;4,8;null;null;27,2;null;21;null;2;
1961-07-29;4,2;null;null;27,6;null;19,6;null;1;
1961-07-30;3,2;null;null;27;null;20,6;null;1;
1961-07-31;6,5;null;8;25,2;null;22;null;1;
1961-08-01;1,3;null;null;27,2;null;21,4;null;2;
1961-08-02;4,4;null;3,4;27,6;null;19,6;null;2;
1961-08-03;4;null;null;26;null;21,2;null;2;
1961-08-04;2,8;null;20,8;27,8;null;21,1;null;1;
1961-08-05;4,2;null;null;27,6;null;21;null;2;
1961-08-06;5,4;null;null;27,4;null;20,6;null;2;
1961-08-07;5;null;null;27,4;null;21,6;null;2;
1961-08-08;1,2;null;null;28,8;null;19,6;null;2;
1961-08-09;6,4;null;null;27,6;null;21,4;null;2;
1961-08-10;3;null;null;27,2;null;21,4;null;2;
1961-08-11;6,4;null;null;27,6;null;21,4;null;2;
1961-08-12;2,2;null;,6;28,2;null;20,4;null;2;
1961-08-13;3,8;null;4,8;23;null;21,2;null;2;
1961-08-14;3;null;25,6;27,2;null;19,2;null;4;
1961-08-15;4,4;null;5,8;27,4;null;20,6;null;2;
1961-08-16;1,4;null;17,4;26,4;null;19,9;null;1;
1961-08-17;3;null;null;28;null;20,2;null;1;
1961-08-18;4;null;1,6;28;null;18,4;null;2;
1961-08-19;4;null;1,2;27,8;null;20;null;2;
1961-08-20;5,5;null;1,2;27,2;null;20,2;null;2;
1961-08-21;2,1;null;,6;28,2;null;19,8;null;2;
1961-08-22;1,4;null;null;27,8;null;18;null;2;
1961-08-23;1,6;null;null;28,2;null;20,2;null;2;
1961-08-24;5;null;,4;28,8;null;20,8;null;2;
1961-08-25;4,1;null;null;28,4;null;20,4;null;2;
1961-08-26;5,2;null;,6;28,2;null;20;null;2;
1961-08-27;3,2;null;null;29,4;null;24,6;null;2;
1961-08-28;,6;null;,8;29,8;null;18,2;null;2;
1961-08-29;6,3;null;null;26;null;23;null;2;
1961-08-30;1,7;null;null;26;null;23;null;1;
1961-08-31;5,7;null;6;27,8;null;20;null;2;
1961-09-01;3,3;null;0;27,2;null;19;null;2;
1961-09-02;2;null;0;28,8;null;21,4;null;2;
1961-09-03;3;null;1,4;27,6;null;20,6;null;2;
1961-09-04;7,6;null;,6;28,6;null;19;null;4;
1961-09-05;6,1;null;0;28,6;null;20,2;null;2;
1961-09-06;3,2;null;0;29,4;null;20,8;null;2;
1961-09-07;4,7;null;0;29,6;null;20,6;null;2;
1961-09-08;3,9;null;,2;29;null;20,8;null;2;
1961-09-09;4,4;null;0;29,4;null;21,6;null;0;
1961-09-10;5;null;0;27,2;null;23;null;2;
1961-09-11;1,6;null;0;30,2;null;18,6;null;1;
1961-09-12;4,5;null;0;28,2;null;21;null;1;
1961-09-13;3,9;null;0;29,4;null;20;null;1;
1961-09-14;4,8;null;0;30,8;null;19,2;null;1;
1961-09-15;3,8;null;0;28,2;null;20,6;null;1;
1961-09-16;4;null;3,6;28,8;null;21,2;null;1;
1961-09-17;6,6;null;0;29,8;null;20,2;null;2;
1961-09-18;2;null;0;29,8;null;20,2;null;2;
1961-09-19;1,4;null;0;30,4;null;20,6;null;2;
1961-09-20;5;null;0;29,6;null;23,6;null;1;
1961-09-21;6,4;null;,6;28,8;null;20;null;1;
1961-09-22;3,8;null;0;30,6;null;20;null;2;
1961-09-23;5,9;null;0;30,8;null;20;null;2;
1961-09-24;2,9;null;0;29,8;null;22;null;1;
1961-09-25;6,1;null;0;29,6;null;21,2;null;2;
1961-09-26;5,3;null;0;30,2;null;20,4;null;2;
1961-09-27;7,6;null;0;31,8;null;22,4;null;1;
1961-09-28;2,3;null;0;30,4;null;21;null;2;
1961-09-29;3,2;null;0;30,2;null;21;null;2;
1961-09-30;1,1;null;0;30,2;null;20,2;null;2;
1961-10-01;4,2;null;0;29,8;null;20,8;null;2;
1961-10-02;3,5;null;4,4;30,6;null;21,9;null;2;
1961-10-03;2,2;null;null;28,4;null;22,2;null;2;
1961-10-04;4,6;null;null;30,2;null;21,9;null;4;
1961-10-05;3,2;null;3,2;27,4;null;21,2;null;2;
1961-10-06;4,2;null;3;27;null;21,8;null;3;
1961-10-07;4,8;null;0;27;null;23;null;3;
1961-10-08;7;null;0;29,2;null;21,8;null;2;
1961-10-09;6,6;null;0;29,6;null;21,8;null;2;
1961-10-10;3,6;null;0;29,6;null;21,2;null;0;
1961-10-11;1,8;null;0;28,2;null;24,2;null;2;
1961-10-12;5,2;null;0;30;null;21,8;null;1;
1961-10-13;4,8;null;1,8;31,2;null;21,2;null;2;
1961-10-14;3,6;null;0;30;null;23,2;null;3;
1961-10-15;7;null;0;29,8;null;22;null;3;
1961-10-16;2;null;0;30,2;null;22;null;2;
1961-10-17;3;null;0;29,4;null;22,4;null;3;
1961-10-18;5,6;null;0;30,2;null;21,8;null;3;
1961-10-19;6,4;null;0;29;null;22,4;null;2;
1961-10-20;6,8;null;0;30,2;null;22,8;null;0;
1961-10-21;6,2;null;0;30,1;null;20,2;null;2;
1961-10-22;6;null;0;30;null;21,2;null;2;
1961-10-23;3,4;null;0;30;null;21,6;null;2;
1961-10-24;2,8;null;0;29;null;20,8;null;6;
1961-10-25;4,8;null;0;29,6;null;20,8;null;4;
1961-10-26;6,2;null;0;30;null;20,4;null;5;
1961-10-27;4,2;null;2;29,4;null;21,6;null;4;
1961-10-28;2;null;0;29,4;null;21,6;null;6;
1961-10-29;2,6;null;,6;30,4;null;24,2;null;3;
1961-10-30;5,2;null;0;30,6;null;22,6;null;2;
1961-10-31;5;null;3,8;29,8;null;21,4;null;3;
1961-11-01;5;null;,4;29,6;null;22;null;2;
1961-11-02;1;null;0;29,6;null;22,2;null;4;
1961-11-03;3;null;,2;28;null;23;null;3;
1961-11-04;6;null;0;29,9;null;21,2;null;2;
1961-11-05;6,6;null;0;31,2;null;21,4;null;3;
1961-11-06;5,2;null;0;30,6;null;23,4;null;2;
1961-11-07;1,8;null;0;31,2;null;22,2;null;3;
1961-11-08;6;null;0;31,8;null;21,6;null;2;
1961-11-09;5;null;0;31,8;null;22,4;null;4;
1961-11-10;4,8;null;0;31,6;null;22,6;null;3;
1961-11-11;1,8;null;0;32;null;21,8;null;2;
1961-11-12;3,4;null;0;31,2;null;21,4;null;3;
1961-11-13;3;null;0;31,6;null;22,6;null;3;
1961-11-14;5;null;0;33;null;22;null;3;
1961-11-15;6,8;null;0;32;null;21,2;null;4;
1961-11-16;4,2;null;0;29;null;24;null;0;
1961-11-17;8,2;null;0;30;null;23,1;null;0;
1961-11-18;6,8;null;0;30,6;null;22,8;null;3;
1961-11-19;2,4;null;0;30;null;22,4;null;3;
1961-11-20;3,2;null;0;30,2;null;22,9;null;1;
1961-11-21;2,1;null;0;31;null;22,6;null;2;
1961-11-22;2,5;null;0;32;null;21,4;null;3;
1961-11-23;2;null;0;32,2;null;21,6;null;1;
1961-11-24;5,9;null;0;31,6;null;21,9;null;3;
1961-11-25;6,5;null;0;31;null;21,8;null;4;
1961-11-26;6,6;null;0;33;null;21,6;null;2;
1961-11-27;5;null;,4;31,6;null;22,2;null;2;
1961-11-28;6;null;0;31;null;21,8;null;3;
1961-11-29;5;null;,4;31;null;21,8;null;3;
1961-11-30;2,5;null;0;31,2;null;22,6;null;3;
1961-12-01;3,2;null;0;30,2;null;23;null;3;
1961-12-02;5,4;null;0;32;null;22,8;null;0;
1961-12-03;5,4;null;0;32,8;null;22;null;2;
1961-12-04;5;null;0;31,8;null;20,2;null;2;
1961-12-05;7;null;0;31,6;null;21,6;null;2;
1961-12-06;6;null;0;31,8;null;23;null;2;
1961-12-07;6;null;0;31,8;null;22,6;null;2;
1961-12-08;7,2;null;0;32,2;null;23,4;null;2;
1961-12-09;5;null;23,6;31,9;null;22;null;0;
1961-12-10;,8;null;22,8;28,2;null;21,2;null;0;
1961-12-11;3;null;0;27,2;null;24,2;null;2;
1961-12-12;3;null;0;30,6;null;22,2;null;3;
1961-12-13;3,6;null;0;30;null;22,6;null;0;
1961-12-14;4,4;null;2;31;null;21,4;null;2;
1961-12-15;6;null;0;30,6;null;22,8;null;2;
1961-12-16;5;null;4,4;30,6;null;23,9;null;3;
1961-12-17;5;null;7;30;null;21,4;null;2;
1961-12-18;5,5;null;,4;30;null;21,4;null;2;
1961-12-19;3,7;null;2;30,4;null;22,8;null;3;
1961-12-20;4,8;null;0;31;null;22,2;null;3;
1961-12-21;5;null;,8;30,6;null;21,2;null;4;
1961-12-22;6,6;null;0;30,8;null;22;null;2;
1961-12-23;4,6;null;0;30,6;null;21,6;null;2;
1961-12-24;5,8;null;0;30,6;null;21,6;null;2;
1961-12-25;5,2;null;0;31,6;null;21,2;null;2;
1961-12-26;5,8;null;5,8;31,6;null;21,6;null;2;
1961-12-27;3;null;4,2;29;null;22;null;3;
1961-12-28;5;null;0;30,6;null;22,6;null;2;
1961-12-29;5,3;null;0;31,2;null;22,6;null;1;
1961-12-30;2,3;null;0;31;null;21,9;null;0;
1961-12-31;8;null;0;32,2;null;23;null;3;
1962-01-01;1,9;6,1;null;31;null;23,2;null;1;
1962-01-02;3,3;1,7;1,6;36;null;25,1;null;0;
1962-01-03;1,5;8,8;5,2;30;null;23,1;null;2;
1962-01-04;4;7,9;0;32,2;null;23,1;null;3;
1962-01-05;4,3;11;0;32,4;null;23,9;null;2;
1962-01-06;5,9;11,9;0;33,8;null;23,7;null;0;
1962-01-07;5,9;5,9;0;33,2;null;22,9;null;2;
1962-01-08;3,8;11,1;2,6;31;null;22,4;null;0;
1962-01-09;6;10,6;,6;31,3;null;22,4;null;2;
1962-01-10;5,2;10,2;,7;30,7;null;21,8;null;0;
1962-01-11;4,8;6,8;0;31,7;null;23;null;2;
1962-01-12;4,9;7,7;0;33,2;null;24;null;0;
1962-01-13;5,9;4,4;0;34,2;null;24,7;null;0;
1962-01-14;5,2;8,8;0;33,1;null;23,2;null;0;
1962-01-15;4,7;7,5;0;34;null;24,6;null;0;
1962-01-16;4,5;10,9;1;36,3;null;23,1;null;0;
1962-01-17;6;7,4;0;36,2;null;24,4;null;2;
1962-01-18;4,6;10,6;,4;36,2;null;22,7;null;0;
1962-01-19;5,1;10,7;0;34,5;null;22,6;null;4;
1962-01-20;6,2;12,6;0;32,7;null;22,5;null;2;
1962-01-21;5,6;10,2;0;32,8;null;22,7;null;2;
1962-01-22;4,5;8,2;0;33,2;null;23,7;null;0;
1962-01-23;4,8;8,2;0;32,2;null;23,9;null;0;
1962-01-24;5,7;6,9;0;32,9;null;23,7;null;0;
1962-01-25;4,5;8,7;1,2;33,1;null;22,7;null;0;
1962-01-26;5,5;9,9;0;32,7;null;23;null;0;
1962-01-27;4,1;12,6;0;33;null;22,9;null;0;
1962-01-28;5;8,4;0;32,8;null;23,8;null;0;
1962-01-29;4,8;6,1;,4;32,2;null;23,9;null;2;
1962-01-30;4,7;9,7;0;32,5;null;24;null;3;
1962-01-31;6,3;null;0;34,6;null;24,3;null;2;
1962-02-01;5;null;null;33;null;23,8;null;0;
1962-02-02;5,2;null;0;33,2;null;23,6;null;0;
1962-02-03;7;null;0;33,1;null;23,6;null;2;
1962-02-04;1,8;null;0;32;null;24;null;2;
1962-02-05;6,4;null;0;33,2;null;22,4;null;0;
1962-02-06;1,9;null;0;31,2;null;22,4;null;2;
1962-02-07;1,7;null;0;32,2;null;22,8;null;0;
1962-02-08;6;null;0;33,2;null;21,8;null;2;
1962-02-09;3;null;0;32,2;null;22;null;0;
1962-02-10;9,6;null;0;32;null;22,6;null;2;
1962-02-11;3,4;null;0;32,6;null;21,6;null;3;
1962-02-12;6;null;0;32,2;null;22,4;null;2;
1962-02-13;5,8;null;0;33,4;null;22,4;null;0;
1962-02-14;4,2;null;,4;32,8;null;23,2;null;2;
1962-02-15;5,5;null;0;32,2;null;22,4;null;3;
1962-02-16;3,5;null;0;32,8;null;24;null;2;
1962-02-17;4,4;null;4,4;32;null;23,6;null;2;
1962-02-18;9,8;null;0;32,2;null;22,2;null;3;
1962-02-19;1,8;null;0;33;null;22,8;null;2;
1962-02-20;3;null;0;32,8;null;23,2;null;0;
1962-02-21;4,5;null;0;32,8;null;23,8;null;2;
1962-02-22;5,2;null;9,8;32,4;null;22,6;null;0;
1962-02-23;4,3;null;0;31;null;21,8;null;3;
1962-02-24;5;null;0;31,8;null;21,2;null;0;
1962-02-25;4,5;null;0;32,2;null;23,2;null;2;
1962-02-26;5,3;null;0;34,6;null;24,6;null;3;
1962-02-27;3,2;null;7,4;33,8;null;23,2;null;2;
1962-02-28;5,5;null;4,6;31,2;null;22,4;null;3;
1962-03-01;6;null;null;31,2;null;24,2;null;2;
1962-03-02;5,5;null;0;31,2;null;24,4;null;2;
1962-03-03;4;null;0;30,2;null;25,2;null;2;
1962-03-04;3,5;null;0;32,6;null;22;null;4;
1962-03-05;5;null;0;32,8;null;23,4;null;1;
1962-03-06;4,2;null;0;32,6;null;24,2;null;1;
1962-03-07;5,8;null;0;33,6;null;24;null;4;
1962-03-08;5;null;0;32,2;null;24,6;null;2;
1962-03-09;4,3;null;6,7;33,8;null;21,4;null;4;
1962-03-10;2;null;28,2;28,6;null;22,4;null;4;
1962-03-11;2,2;null;1,2;30,2;null;22,4;null;2;
1962-03-12;6,1;null;0;30;null;22,2;null;2;
1962-03-13;6,8;null;0;30,4;null;22,8;null;3;
1962-03-14;3,8;null;3,8;31,2;null;22,4;null;3;
1962-03-15;3,5;null;0;31;null;22,8;null;0;
1962-03-16;4,8;null;1,2;31,4;null;22,8;null;3;
1962-03-17;4,3;null;9;31,8;null;23,2;null;4;
1962-03-18;2,7;null;4,4;30,8;null;23,8;null;2;
1962-03-19;3,7;null;3,4;30,4;null;23,2;null;2;
1962-03-20;4,5;null;0;31;null;24;null;0;
1962-03-21;4,5;null;,4;31,4;null;22,8;null;3;
1962-03-22;3,6;null;0;31;null;22,6;null;4;
1962-03-23;5,2;null;0;31;null;24,8;null;2;
1962-03-24;1,4;null;5,8;31,2;null;24,2;null;4;
1962-03-25;5,6;null;3,6;31,2;null;23,6;null;4;
1962-03-26;1,7;null;5,6;31,4;null;21,4;null;4;
1962-03-27;2,6;null;3,7;30,2;null;22,6;null;2;
1962-03-28;4,7;null;0;30,1;null;24,6;null;2;
1962-03-29;5,1;null;1,6;31,2;null;23,8;null;4;
1962-03-30;4,2;null;0;31;null;24,2;null;0;
1962-03-31;5,8;null;0;31,9;null;23,4;null;0;
1962-04-01;5;null;4,4;29,2;null;25,2;null;4;
1962-04-02;6,4;null;3,2;30,8;null;23,8;null;2;
1962-04-03;6;null;0;31,2;null;22,2;null;4;
1962-04-04;5;null;0;32;null;23,2;null;3;
1962-04-05;2,2;null;0;31,4;null;24,6;null;2;
1962-04-06;5,7;null;23,4;30,8;null;22,6;null;2;
1962-04-07;4,2;null;17,4;28,2;null;22,6;null;4;
1962-04-08;6,9;null;6,2;28,2;null;22,6;null;4;
1962-04-09;4,1;null;,4;30;null;22,2;null;4;
1962-04-10;4,3;null;0;30,8;null;23,2;null;2;
1962-04-11;3,9;null;1,8;31,6;null;23,2;null;2;
1962-04-12;4,5;null;0;31,2;null;25;null;4;
1962-04-13;3,1;null;7,8;30;null;22,2;null;4;
1962-04-14;3,4;null;2,6;29,9;null;22,6;null;4;
1962-04-15;5;null;0;30,4;null;24,6;null;4;
1962-04-16;3,3;null;6,8;30;null;24;null;0;
1962-04-17;4,7;null;0;30,3;null;24,1;null;2;
1962-04-18;4,2;null;0;31;null;24,2;null;2;
1962-04-19;5,2;null;0;31,8;null;23,2;null;0;
1962-04-20;4;null;0;30;null;23,2;null;2;
1962-04-21;3,4;null;5,8;30,4;null;25,2;null;2;
1962-04-22;2,2;null;15,6;30;null;22,4;null;4;
1962-04-23;1,5;null;10;28,6;null;21,9;null;2;
1962-04-24;2,7;null;6,8;29,6;null;21,6;null;2;
1962-04-25;3,6;null;19;29,6;null;21,2;null;4;
1962-04-26;7;null;,6;29,9;null;21,6;null;2;
1962-04-27;5,7;null;,8;30;null;21,4;null;4;
1962-04-28;,9;null;0;30,2;null;21,5;null;4;
1962-04-29;1,8;null;2;30;null;21,6;null;2;
1962-04-30;4,6;null;null;30,2;null;21,4;null;2;
1962-05-01;8,2;null;null;30,8;null;22,2;null;2;
1962-05-02;4,5;null;0;29,2;null;26,2;null;3;
1962-05-03;3,5;null;0;31,4;null;21,4;null;2;
1962-05-04;3;null;0;31,4;null;21,8;null;2;
1962-05-05;5,5;null;21,6;31,8;null;22,2;null;4;
1962-05-06;2,5;null;30,8;29,6;null;21,4;null;4;
1962-05-07;3,2;null;8;29,8;null;21,2;null;4;
1962-05-08;1,1;null;0;30,2;null;21,2;null;6;
1962-05-09;1,9;null;43;29,8;null;21,6;null;4;
1962-05-10;4;null;16,6;27,2;null;21,2;null;6;
1962-05-11;6,3;null;,2;27,2;null;23,2;null;6;
1962-05-12;2,7;null;6;28,6;null;22,6;null;6;
1962-05-13;4,3;null;3,6;29,2;null;21,6;null;2;
1962-05-14;5,7;null;,4;28,8;null;22,8;null;4;
1962-05-15;2;null;38,6;26,6;null;21,2;null;6;
1962-05-16;1;null;36,6;28,2;null;21,6;null;4;
1962-05-17;2;null;4,6;29,4;null;22,2;null;2;
1962-05-18;3;null;1,8;29,2;null;22,4;null;4;
1962-05-19;1;null;1,8;29,2;null;22,4;null;4;
1962-05-20;5;null;0;29,4;null;23,8;null;2;
1962-05-21;4;null;1,8;29,2;null;22,4;null;5;
1962-05-22;4;null;12;29;null;21,4;null;2;
1962-05-23;2,7;null;2,6;28,2;null;22,2;null;2;
1962-05-24;3;null;2,6;28,6;null;21,6;null;2;
1962-05-25;3;null;0;28,8;null;20,6;null;4;
1962-05-26;3;null;9,4;28,6;null;20,6;null;0;
1962-05-27;1,2;null;2,4;27,4;null;21;null;2;
1962-05-28;2,8;null;0;27,9;null;21;null;4;
1962-05-29;2,3;null;0;28,2;null;23,2;null;4;
1962-05-30;2,9;null;0;31;null;21,6;null;4;
1962-05-31;3,4;null;4,6;30,6;null;23,2;null;4;
1962-06-01;8,2;null;69,4;27;null;21,6;null;2;
1962-06-02;5,8;null;3;26;null;21;null;2;
1962-06-03;5,4;null;1;27,6;null;20,8;null;1;
1962-06-04;3,8;null;2,2;28,2;null;21,6;null;2;
1962-06-05;4;null;,2;28,4;null;22,8;null;4;
1962-06-06;4;null;,2;28,2;null;22,2;null;2;
1962-06-07;4,4;null;0;26,6;null;23,2;null;4;
1962-06-08;4,1;null;,6;29,2;null;20,6;null;4;
1962-06-09;5;null;0;28,6;null;20,4;null;5;
1962-06-10;1;null;0;28,2;null;21;null;4;
1962-06-11;1;null;2;28,8;null;20,4;null;4;
1962-06-12;2;null;0;29,9;null;22,2;null;1;
1962-06-13;2,7;null;1,6;28,8;null;21,4;null;2;
1962-06-14;2,5;null;0;29,8;null;21,4;null;2;
1962-06-15;2;null;46,6;27,8;null;19,8;null;4;
1962-06-16;4,1;null;0;24,2;null;20,2;null;4;
1962-06-17;3,4;null;4;25,4;null;20,2;null;2;
1962-06-18;2,4;null;17;25,6;null;18,2;null;2;
1962-06-19;2;null;15,6;25,6;null;19,2;null;4;
1962-06-20;1,6;null;9;27,2;null;20,2;null;1;
1962-06-21;2,6;null;18,9;26,8;null;21,8;null;4;
1962-06-22;2,9;null;1,2;27,4;null;21,4;null;2;
1962-06-23;1,9;null;3,8;27;null;19,4;null;4;
1962-06-24;2;null;4,4;27;null;20,6;null;4;
1962-06-25;1,7;null;12,2;26,2;null;22;null;4;
1962-06-26;2;null;14,8;25,8;null;21,6;null;6;
1962-06-27;2,3;null;4,4;27,2;null;20;null;4;
1962-06-28;4;null;6,2;26,4;null;20;null;6;
1962-06-29;5,2;null;3,4;26,9;null;20;null;4;
1962-06-30;3,3;null;7,6;26,6;null;20,6;null;2;
1962-07-01;2;null;null;27;null;20,6;null;4;
1962-07-02;3,6;null;0;27,6;null;21,6;null;2;
1962-07-03;3,2;null;3,6;26;null;20,4;null;4;
1962-07-04;4,2;null;0;26,8;null;19,2;null;2;
1962-07-05;3,2;null;,6;27,8;null;24,8;null;2;
1962-07-06;1,8;null;3,4;29,6;null;20,8;null;2;
1962-07-07;1,7;null;,2;28,6;null;19;null;2;
1962-07-08;1,3;null;0;28,6;null;22;null;4;
1962-07-09;5,3;null;9,6;27;null;20,4;null;4;
1962-07-10;,3;null;21,2;29;null;19,8;null;6;
1962-07-11;1,9;null;21,2;26,4;null;20;null;4;
1962-07-12;1,9;null;6,2;27,6;null;18,6;null;6;
1962-07-13;3,3;null;0;27,6;null;20,6;null;2;
1962-07-14;4,1;null;0;28,2;null;21,8;null;2;
1962-07-15;2,4;null;7;26,2;null;21;null;2;
1962-07-16;2;null;0;29;null;21,4;null;2;
1962-07-17;4,8;null;0;28,2;null;21,6;null;2;
1962-07-18;3,5;null;2;28,2;null;21,6;null;4;
1962-07-19;3,7;null;11,2;27,4;null;20,8;null;4;
1962-07-20;2;null;34;27,4;null;19;null;4;
1962-07-21;1,5;null;53,2;25,4;null;20;null;4;
1962-07-22;1,9;null;43,6;25,4;null;19,6;null;2;
1962-07-23;,6;null;1,2;25,6;null;19,4;null;2;
1962-07-24;2,5;null;4;27,8;null;19,4;null;4;
1962-07-25;4,2;null;7,6;31,4;null;20,4;null;2;
1962-07-26;1,5;null;9,8;26;null;19,8;null;6;
1962-07-27;,5;null;16,6;27;null;20;null;2;
1962-07-28;2;null;5;30,4;null;21;null;4;
1962-07-29;2,8;null;15;24;null;20,2;null;2;
1962-07-30;4;null;0;24,8;null;20,2;null;4;
1962-07-31;3,5;null;1,8;26;null;19,8;null;2;
1962-08-01;3,5;null;6,4;26,6;null;19,6;null;2;
1962-08-02;3,5;null;,4;26,8;null;20,4;null;2;
1962-08-03;5,7;null;4,6;27,2;null;19,2;null;2;
1962-08-04;3,6;null;0;27,6;null;20,8;null;4;
1962-08-05;5;null;13,6;28;null;19,4;null;2;
1962-08-06;3,2;null;11,2;27,4;null;23;null;4;
1962-08-07;4,4;null;,8;26,4;null;21,2;null;3;
1962-08-08;6,6;null;0;27,2;null;20,8;null;4;
1962-08-09;4,8;null;,2;27,6;null;20,4;null;1;
1962-08-10;4;null;5,2;28,2;null;20;null;2;
1962-08-11;3,9;null;,6;31,6;null;23,2;null;2;
1962-08-12;3,8;null;0;28,2;null;18,2;null;6;
1962-08-13;2,6;null;0;28,4;null;19,8;null;4;
1962-08-14;3,9;null;2;28,4;null;21;null;2;
1962-08-15;2;null;1,2;27,2;null;21,2;null;4;
1962-08-16;4,2;null;15,8;28;null;19,6;null;2;
1962-08-17;3,2;null;0;26,6;null;23;null;1;
1962-08-18;2;null;7,8;25,2;null;19,9;null;4;
1962-08-19;2,2;null;,6;27,2;null;19,6;null;3;
1962-08-20;3;null;0;28,6;null;20,2;null;1;
1962-08-21;4,4;null;0;29;null;21,6;null;3;
1962-08-22;4,6;null;0;27,6;null;21,4;null;3;
1962-08-23;3,8;null;,7;27,9;null;null;null;2;
1962-08-24;3;null;0;28,4;null;20,2;null;3;
1962-08-25;3,2;null;0;30,6;null;21;null;2;
1962-08-26;4,4;null;,2;29;null;21,2;null;2;
1962-08-27;2,2;null;1;27,8;null;21,6;null;4;
1962-08-28;1,3;null;4,8;27,8;null;21;null;1;
1962-08-29;4,7;null;0;28,4;null;19;null;3;
1962-08-30;6;null;0;28,8;null;19,6;null;4;
1962-08-31;3,3;null;0;28,4;null;20,6;null;1;
1962-09-01;2,6;null;null;31,2;null;21,4;null;1;
1962-09-02;4,4;null;0;29,4;null;22,8;null;0;
1962-09-03;4,1;null;1,2;28,8;null;20,6;null;1;
1962-09-04;4,5;null;0;30;null;20,4;null;2;
1962-09-05;4;null;,4;30;null;21,4;null;4;
1962-09-06;2,9;null;0;30;null;20,6;null;2;
1962-09-07;6,2;null;,7;30,6;null;20;null;1;
1962-09-08;3;null;,2;30,8;null;19,6;null;4;
1962-09-09;9,3;null;2,1;30,6;null;20;null;4;
1962-09-10;6;null;0;31,6;null;19,6;null;2;
1962-09-11;4;null;0;30,4;null;21,6;null;2;
1962-09-12;3,6;null;0;30,2;null;20,4;null;2;
1962-09-13;4,6;null;0;30,8;null;20,6;null;1;
1962-09-14;4,6;null;0;31,6;null;19,6;null;1;
1962-09-15;3;null;15;28,8;null;20;null;1;
1962-09-16;9,4;null;0;28,8;null;20;null;4;
1962-09-17;2;null;1,2;26,2;null;19,6;null;2;
1962-09-18;5,6;null;0;28,4;null;20;null;1;
1962-09-19;5,2;null;0;29,2;null;22;null;2;
1962-09-20;4,7;null;1,6;30;null;20;null;4;
1962-09-21;4,1;null;2;30,6;null;20,8;null;2;
1962-09-22;3,8;null;0;29,4;null;19;null;2;
1962-09-23;3,4;null;0;30;null;19,8;null;2;
1962-09-24;3,4;null;0;30,2;null;21;null;1;
1962-09-25;3,4;null;0;31,2;null;20,4;null;1;
1962-09-26;3;null;0;30,6;null;21;null;1;
1962-09-27;2,2;null;1,4;30,8;null;23,2;null;1;
1962-09-28;2,2;null;11;31;null;22;null;2;
1962-09-29;3,9;null;0;30,4;null;21,2;null;1;
1962-09-30;7,5;null;0;31,2;null;20,2;null;2;
1962-10-01;4,9;null;null;25,2;null;21,3;null;1;
1962-10-02;4,2;null;,4;30;null;22;null;0;
1962-10-03;3,1;null;0;31,8;null;21,8;null;0;
1962-10-04;4;null;0;31,8;null;21;null;2;
1962-10-05;4;null;0;31,6;null;24,2;null;2;
1962-10-06;2,6;null;0;31,8;null;21,9;null;0;
1962-10-07;3,7;null;4,8;26,2;null;21,6;null;2;
1962-10-08;4,2;null;0;27,2;null;22,2;null;4;
1962-10-09;5,2;null;0;28,4;null;21,4;null;4;
1962-10-10;1,3;null;0;31,6;null;21,8;null;1;
1962-10-11;5,5;null;0;31,2;null;20,8;null;0;
1962-10-12;3,7;null;0;31,2;null;22,2;null;2;
1962-10-13;4,1;null;0;31,4;null;24,5;null;2;
1962-10-14;4,2;null;0;31,2;null;21;null;2;
1962-10-15;5;null;0;30,6;null;20,8;null;0;
1962-10-16;6;null;0;31,2;null;21;null;1;
1962-10-17;3,8;null;3,8;29,2;null;21,6;null;2;
1962-10-18;5,6;null;0;30;null;23,2;null;1;
1962-10-19;5,3;null;0;30,8;null;23;null;1;
1962-10-20;5,2;null;0;31,4;null;21,2;null;1;
1962-10-21;4;null;0;32;null;21,6;null;1;
1962-10-22;7;null;0;31,6;null;22,4;null;2;
1962-10-23;7,5;null;0;30,6;null;22,6;null;2;
1962-10-24;5,1;null;0;31,2;null;21,4;null;1;
1962-10-25;5,4;null;15,2;31,2;null;21,4;null;2;
1962-10-26;2;null;22,4;26;null;22,2;null;4;
1962-10-27;3,2;null;0;29;null;21,8;null;1;
1962-10-28;3;null;14;28,8;null;23,6;null;1;
1962-10-29;5,2;null;,6;29,8;null;21,2;null;1;
1962-10-30;2,2;null;,4;29,8;null;21;null;4;
1962-10-31;4,5;null;1,6;29,6;null;22;null;1;
1962-11-01;4,5;null;null;30,8;null;21,8;null;1;
1962-11-02;5;null;0;30,8;null;21,8;null;1;
1962-11-03;4,6;null;0;30,2;null;21,6;null;3;
1962-11-04;4,2;null;0;30;null;22;null;1;
1962-11-05;5,6;null;0;31,5;null;21,4;null;2;
1962-11-06;3;null;0;30,4;null;21,6;null;1;
1962-11-07;4,6;null;0;31,8;null;21,8;null;0;
1962-11-08;1,6;null;1,2;31,8;null;22;null;2;
1962-11-09;8,6;null;0;31;null;22,4;null;1;
1962-11-10;6,4;null;0;32,2;null;22,6;null;0;
1962-11-11;3,4;null;0;31,4;null;23,4;null;0;
1962-11-12;1,6;null;134,2;31;null;21;null;1;
1962-11-13;2;null;34,6;29;null;20,6;null;4;
1962-11-14;3,4;null;2;28;null;21,8;null;1;
1962-11-15;1;null;4,4;28,6;null;23,6;null;2;
1962-11-16;3,6;null;,2;29;null;20,8;null;2;
1962-11-17;3,6;null;0;31,8;null;21,2;null;0;
1962-11-18;2,4;null;1,6;30;null;21,8;null;0;
1962-11-19;3,2;null;4,4;30,2;null;21,6;null;0;
1962-11-20;2;null;2,4;29,8;null;21;null;1;
1962-11-21;3;null;0;30,6;null;21;null;1;
1962-11-22;3;null;0;30,8;null;22,2;null;0;
1962-11-23;2,8;null;,6;31;null;22,6;null;2;
1962-11-24;6,4;null;1;29;null;23,2;null;1;
1962-11-25;6;null;0;30,2;null;22,6;null;2;
1962-11-26;4,5;null;0;30,8;null;24;null;4;
1962-11-27;3;null;5,2;29,2;null;22,4;null;2;
1962-11-28;4,5;null;,6;30,2;null;22,6;null;0;
1962-11-29;4,5;null;0;30,6;null;21,2;null;0;
1962-11-30;9;null;0;30,6;null;22,4;null;0;
1962-12-01;2,2;null;null;29,8;null;22,6;null;0;
1962-12-02;4,8;null;,6;31,2;null;22,6;null;1;
1962-12-03;3,6;null;0;31,2;null;21,4;null;2;
1962-12-04;4,4;null;0;31,2;null;22,6;null;2;
1962-12-05;4,6;null;0;32,2;null;22,4;null;2;
1962-12-06;3,8;null;0;31;null;23;null;0;
1962-12-07;3,2;null;0;31,4;null;22,2;null;0;
1962-12-08;3,6;null;,2;31,8;null;22,4;null;2;
1962-12-09;5;null;0;30,6;null;21,6;null;1;
1962-12-10;5,2;null;0;31,6;null;22;null;1;
1962-12-11;4,3;null;0;32;null;23;null;2;
1962-12-12;3,5;null;12,4;30,6;null;23,2;null;1;
1962-12-13;2;null;0;33,8;null;22,8;null;2;
1962-12-14;2;null;31,4;32,4;null;22,2;null;3;
1962-12-15;1,6;null;,4;29,6;null;22,8;null;1;
1962-12-16;1;null;30,4;28,8;null;22;null;3;
1962-12-17;2,1;null;4,6;29,2;null;22,6;null;2;
1962-12-18;1,6;null;3,6;29,4;null;22,2;null;2;
1962-12-19;3,7;null;0;30,6;null;21,8;null;0;
1962-12-20;3,3;null;3;30,4;null;23,4;null;2;
1962-12-21;1,9;null;21;29,4;null;23;null;0;
1962-12-22;2;null;0;30,8;null;22,8;null;2;
1962-12-23;1,6;null;0;31,2;null;22,6;null;3;
1962-12-24;4,4;null;0;31,8;null;22;null;3;
1962-12-25;3,4;null;0;31,6;null;23,4;null;4;
1962-12-26;4,6;null;0;32,2;null;22,6;null;2;
1962-12-27;3;null;0;31,4;null;22,8;null;4;
1962-12-28;5;null;0;31,8;null;22,2;null;0;
1962-12-29;5;null;4,8;31,6;null;22,8;null;1;
1962-12-30;4;null;,2;30,6;null;21,6;null;1;
1962-12-31;3,5;null;0;30,1;null;21,4;null;2;
1963-01-01;3,7;8;null;33,4;26,6;22,2;80;1,333333;
1963-01-02;3,7;8,8;0;33,2;26,6;22,8;84,25;1,333333;
1963-01-03;4;11,3;0;35;27,24;23,2;85,25;2;
1963-01-04;4,1;7,5;0;30,8;26,76;23,6;82,75;,666667;
1963-01-05;4,5;5,8;0;33,2;27,3;23,3;80,5;,666667;
1963-01-06;3;7,4;1,2;34,8;27,28;23,4;85;0;
1963-01-07;4,1;10,3;0;33,7;27,2;23,3;83,25;2;
1963-01-08;4,7;11,2;0;34;27,28;23,2;79,25;1,333333;
1963-01-09;2,9;11,9;0;33,3;27,12;21,3;75,25;3,333333;
1963-01-10;4,6;10,2;2,4;33;27;22,8;81,25;0;
1963-01-11;4,8;10,9;0;33,1;26,64;22,7;75;1,333333;
1963-01-12;6,2;11,3;0;33,4;28,56;22,8;60;1,333333;
1963-01-13;4;10,6;8,4;32,2;26,32;21,2;76,75;1;
1963-01-14;5,7;10,4;0;32,2;26,44;22;76;1;
1963-01-15;5,9;11,8;,8;33,4;27,42;21,5;76;1,333333;
1963-01-16;7,6;8,2;0;34;27,48;23;76;2,333333;
1963-01-17;3,7;9,1;0;34,7;27,12;20,3;78;1,333333;
1963-01-18;2,3;10,5;,4;33,8;27,84;24,2;77;0;
1963-01-19;5,3;8,7;,6;33,4;26,96;24,2;80,25;1,333333;
1963-01-20;5,7;10,6;0;34,2;27,2;22,2;71,75;,666667;
1963-01-21;6,9;10,9;0;33,2;26,5;22;83,25;1,333333;
1963-01-22;5,1;11,2;0;34,2;27,08;22,6;77,25;,666667;
1963-01-23;5,9;11;0;34,6;27,38;23,9;78,75;2;
1963-01-24;5,7;11,4;0;34,2;27,92;22,8;71,75;1,333333;
1963-01-25;8,3;11,9;0;34,8;27,56;22,8;75,5;1,333333;
1963-01-26;6,1;7,3;0;34,2;26,96;23;81,5;,666667;
1963-01-27;6,2;11,6;0;34,2;27,84;23;77,25;1;
1963-01-28;6,4;11,4;,2;33,8;27,52;24,2;78,75;1;
1963-01-29;5,3;10,8;,2;34;27,52;21;78,25;2,333333;
1963-01-30;4,5;8,1;,6;33,8;27,28;23,4;80;2,666667;
1963-01-31;4,9;7,3;4,8;33,3;27,16;23,1;82;,666667;
1963-02-01;7,9;9,7;,4;33,6;27,72;24;73,75;1,333333;
1963-02-02;5,8;11,5;0;34;27,76;24,4;72,25;1,333333;
1963-02-03;4,5;11,5;0;33,2;27,36;24,2;75,75;,666667;
1963-02-04;6,5;11,8;0;34,2;28,2;24;76;2,666667;
1963-02-05;6,5;10,8;0;34,6;27,48;23,4;79,5;,666667;
1963-02-06;6;10,7;0;34,8;27,98;23,9;76;2;
1963-02-07;6;10,8;0;33,8;27,84;23,8;80,75;1,666667;
1963-02-08;4,5;9,1;0;36,8;28,92;25;79,75;2,666667;
1963-02-09;5,1;3,9;0;34,8;27,92;24,8;81,25;,666667;
1963-02-10;4,2;3,7;133,2;32,2;26,16;23,2;89,75;1,333333;
1963-02-11;4,8;3;76;32,4;25,2;21;89,75;,666667;
1963-02-12;2,5;7,4;2,4;32;26,02;22,2;84,5;,333333;
1963-02-13;6,5;10,3;0;32,4;26,8;22,2;81,25;,666667;
1963-02-14;2,5;9,2;0;34,2;27,38;22,4;76,5;2;
1963-02-15;4,1;4,8;11,6;32,6;26,88;22,8;76,25;3,333333;
1963-02-16;3,1;2,3;21,6;32,8;26,76;23,3;83,25;1,333333;
1963-02-17;2,5;8,4;5,2;32,8;26,92;22,8;77,25;1,333333;
1963-02-18;4;10,9;null;32,9;27,54;24,1;71,5;0;
1963-02-19;4,4;10,1;0;33;26,32;22,2;76;,333333;
1963-02-20;4,1;7;0;35,1;27,5;22,4;84,5;2;
1963-02-21;2,6;8,9;18,4;34,2;27,8;24,2;81,75;,666667;
1963-02-22;3,4;7,7;0;32,5;27,32;23,9;81,75;2,333333;
1963-02-23;3;10,4;6;33,4;26,96;22,8;74,5;,666667;
1963-02-24;5,3;9,1;4,1;33;26,4;21,4;79,5;2;
1963-02-25;4,2;7,2;1,2;33,8;26,8;22,6;84;1;
1963-02-26;4,1;8,6;2;32,7;26,9;22,8;79;1;
1963-02-27;4,3;9,8;1,6;33;27,56;22,2;75,25;1,333333;
1963-02-28;4,5;10,4;3;33,2;27,48;23,7;76,25;2,666667;
1963-03-01;1,6;9,4;5;32,4;26,08;22,4;81,5;1;
1963-03-02;1,7;11,6;0;34;27,48;23,8;79,75;,666667;
1963-03-03;4,7;11,3;0;34,2;27,64;23;79;1,333333;
1963-03-04;4;3,5;14,2;30,8;26,52;23,4;81,5;,666667;
1963-03-05;3,9;10,3;30,2;31,4;26,88;24;75,5;2,333333;
1963-03-06;3,5;10,8;0;33,2;27,38;22,1;71,75;2;
1963-03-07;6,4;10,2;7,6;33;27;23,6;79,75;,666667;
1963-03-08;4,9;9,9;,9;33,8;27,66;24,5;74,25;1,666667;
1963-03-09;5,9;11,2;0;33,8;27,6;24,6;76;,333333;
1963-03-10;5,5;9,2;0;33,1;26,78;22,8;82,75;0;
1963-03-11;3,1;9,6;0;33,8;27,04;22,8;76,75;1;
1963-03-12;5;10,8;0;33,2;27,44;23;78,75;,666667;
1963-03-13;4,4;7,6;6,8;33;27,4;25;78,5;1,666667;
1963-03-14;4;8,1;2,6;33,2;26,8;23,2;80;2,333333;
1963-03-15;4,1;9,2;0;33,3;27,06;22,4;76,75;1,333333;
1963-03-16;4,9;10,7;0;33,8;27,68;22,6;71,75;1,666667;
1963-03-17;4,3;11;0;33;26,96;22,6;75,5;,333333;
1963-03-18;4;7,2;4,6;31,6;26,08;22,8;85,25;2;
1963-03-19;3,9;2,8;5,6;32,6;25,88;23,2;88,5;2;
1963-03-20;3,3;10,7;,6;33,2;27,46;24,1;77;3;
1963-03-21;5,3;5,6;,6;33,2;26,44;22;81,5;1,333333;
1963-03-22;4,3;3,2;0;33,4;26,96;22,1;78,25;2;
1963-03-23;3,7;7,7;1;34,7;27,2;22,6;83,75;,666667;
1963-03-24;3,2;6,3;0;30;26,82;22,8;79,5;3,333333;
1963-03-25;4,7;10,8;0;30,1;27,9;23,4;75,75;3;
1963-03-26;5,1;9,4;,8;29;27,52;25,6;79,5;3;
1963-03-27;3,2;7,5;0;29,6;27,54;25,7;77,75;2,666667;
1963-03-28;3,2;9,4;0;32,2;27,96;25;70;3,666667;
1963-03-29;3,2;8,2;13,6;30,6;26,92;24,2;82,5;1,666667;
1963-03-30;2,5;9,2;22;29;26,98;24,4;73,75;2,666667;
1963-03-31;3;10,2;,4;31,4;27,62;24,5;74,5;3,333333;
1963-04-01;3,3;10,4;0;30,8;27,8;25,4;73,75;3;
1963-04-02;3,6;10,2;3,4;30,4;27,16;24,6;76,5;3,333333;
1963-04-03;2,9;9,6;1,2;31,8;27,48;24,2;72,5;1,666667;
1963-04-04;3,2;8,3;2;30,5;27,2;24,3;73,75;4;
1963-04-05;3,3;7,7;0;30,2;27,46;25;72,25;2,666667;
1963-04-06;3,4;8,2;,6;null;null;24,3;null;4;
1963-04-07;2,6;5,7;null;31,3;27,36;24,2;74,75;1,333333;
1963-04-08;2,5;5,6;,2;29,5;26,82;24,8;82,25;2;
1963-04-09;4;6,4;12;30,8;27,24;25;81,5;1,333333;
1963-04-10;2,2;6,4;,2;30,8;27,44;24,4;78;3;
1963-04-11;2,4;8,3;0;31,3;27,66;25;76,25;1,333333;
1963-04-12;3;9,2;,6;31,8;27,96;25,2;76;1,333333;
1963-04-13;2,9;7,7;0;31,2;27,7;24,6;75,25;2;
1963-04-14;3;,4;0;31,2;27,6;25,2;83,25;2;
1963-04-15;2,5;0;8;27,5;25,66;24,4;85,25;3,666667;
1963-04-16;1,5;0;4,6;28;25,68;23,4;84,75;2;
1963-04-17;1,6;6,6;0;31,8;27,54;24,3;78,75;2;
1963-04-18;2,4;,2;16,8;27,5;25,06;23,8;91,25;0;
1963-04-19;,9;2,7;64,4;27,3;25,1;22,6;87,25;3,333333;
1963-04-20;1,4;9,1;0;29;26,36;23,4;80;1,666667;
1963-04-21;2;6,3;1;30;26,56;23,4;80,25;3,666667;
1963-04-22;2,2;10,3;5,3;30,2;26,24;23,9;76,25;3,333333;
1963-04-23;4,2;10,4;6,2;30;25,8;23,4;76,5;3,333333;
1963-04-24;3,5;7,7;21,2;29;25,88;22,6;82,5;3;
1963-04-25;2,6;7;17,1;28;25,12;23,4;88,25;4;
1963-04-26;1,6;,9;15,7;26,2;24,14;22;93,75;2,666667;
1963-04-27;,8;5,8;15,1;29;25,64;22,4;83,5;1,333333;
1963-04-28;2,2;7,6;8,4;29,5;25,78;22,5;83,75;,666667;
1963-04-29;2,5;3;,8;29,5;25,5;23;89,75;2,333333;
1963-04-30;2,1;2,7;15,6;27,5;24,28;22,6;87;,666667;
1963-05-01;1;8,4;0;28,5;25,3;22,2;85;1,333333;
1963-05-02;1,9;9,2;0;29,2;26,08;23,5;82;2;
1963-05-03;2,2;6,9;13,6;29;25,28;22,8;86;,666667;
1963-05-04;1,8;8,7;3,2;28,7;26,08;23;77,25;,333333;
1963-05-05;1,7;6;0;30;25,68;22,6;88;1,333333;
1963-05-06;1,8;1,9;84,4;27;24,44;22,4;84;5,333333;
1963-05-07;3,5;0;10,4;25,5;23,78;22,4;88;7;
1963-05-08;2,2;,1;15;26,2;24,6;22,8;77,25;7;
1963-05-09;3,1;1,9;24;26;23,32;22,2;92,5;3,666667;
1963-05-10;1;9,3;12,2;29,5;25;21,6;83,75;2;
1963-05-11;2;6,5;4,2;28;24,66;22;79,75;2,666667;
1963-05-12;2,9;8,7;3,2;29,4;25,12;22,6;85,75;1,666667;
1963-05-13;2,2;6,5;8,6;28,2;24,48;21,8;85,5;3;
1963-05-14;3,3;8,5;4;28;24,82;22,7;85,75;2,333333;
1963-05-15;2,6;7,4;8,4;28,5;24,68;22,3;80,5;2,333333;
1963-05-16;2,9;8,3;3,6;28;24,4;21,6;80,25;3,666667;
1963-05-17;3;8,6;4,6;28,2;25,26;22,5;80,75;4,666667;
1963-05-18;2,5;6,2;22,9;26;23,68;21,5;87,5;8;
1963-05-19;2,2;1,4;64,8;25,2;22,9;20,5;83;6,333333;
1963-05-20;4,2;8,9;18;26,5;24,8;23,1;71;7;
1963-05-21;4,9;10,5;0;27;25;22,8;64;4,333333;
1963-05-22;5,8;7,8;0;27,4;24,56;22,6;72;2,666667;
1963-05-23;4,4;1,2;2;26,2;24,04;21,4;72,25;6;
1963-05-24;4,1;8;5,6;27,2;24,4;21,4;70,5;5,333333;
1963-05-25;4,6;5,5;,2;27,2;23,64;21,6;84,25;2,666667;
1963-05-26;2,6;5;6,3;27;24,06;21,1;76,25;3;
1963-05-27;3,4;3,2;,6;26,4;24,1;21,5;76,25;3,666667;
1963-05-28;2,7;,2;20,2;24,2;23,04;21;80,5;5,666667;
1963-05-29;2,8;6,2;6,7;27;23,8;21;77;4,666667;
1963-05-30;4,4;5;9,6;25,5;23,42;21,8;84;4,666667;
1963-05-31;1,9;1,9;24,1;24,2;21,88;20,4;87,75;4,333333;
1963-06-01;1,1;,3;9,4;24,2;22,1;20,4;91,25;1,333333;
1963-06-02;2,4;9,5;6,6;25;23,32;22,2;84,25;4;
1963-06-03;3,2;,2;19,2;24,6;22,06;19,9;78,75;3,666667;
1963-06-04;4,1;7,8;3,5;26,2;22,98;20,9;87,75;3,333333;
1963-06-05;2,9;3,8;8,2;26,2;23,6;21,2;81,25;1,666667;
1963-06-06;3;5,6;1,6;26,5;24,24;22,1;83,5;1,333333;
1963-06-07;2;5;,3;27;23,84;21,2;86,25;,666667;
1963-06-08;1,6;0;17;24,2;22,42;20,8;89,25;1;
1963-06-09;1,1;7,1;18,6;26,2;24,12;21,4;80,5;2,666667;
1963-06-10;2,1;7,8;,6;27,2;23,92;21;84;0;
1963-06-11;2;5,3;3,8;26;23,36;22;87,25;1,666667;
1963-06-12;1,7;8,7;0;28,2;25,14;21,2;77,75;,666667;
1963-06-13;1,7;8,8;0;27,8;24,48;21;78;1,333333;
1963-06-14;2,6;8,9;0;27,5;24,14;21,2;79;1,333333;
1963-06-15;3,7;7,6;2,8;27,6;24,16;22;79,5;3,333333;
1963-06-16;3,5;2;0;26,7;23,74;21,6;85,75;1,333333;
1963-06-17;1,6;8;11,8;26,7;23,58;20,6;75;3;
1963-06-18;2,8;8,9;0;26;23,6;20,8;80,75;,666667;
1963-06-19;2,3;7,5;0;26,2;24,08;21;72;2;
1963-06-20;2,6;8,1;0;27,5;25,18;21,2;67,25;2,333333;
1963-06-21;2;8;0;27,6;23,58;20,7;81,25;,666667;
1963-06-22;1,6;7,8;0;26,2;23,1;20;86,5;2,666667;
1963-06-23;3,5;5,5;0;26;23,28;21,2;70,25;4,333333;
1963-06-24;4,3;5,4;4;24,7;22,78;20,1;77,25;4,333333;
1963-06-25;2,7;4;2,8;26,4;23,06;21,1;83,25;2,333333;
1963-06-26;3,2;2,6;2,4;26,1;23,6;21,4;77,5;3,666667;
1963-06-27;2,8;8,6;1,5;27;24,18;22;78;5,333333;
1963-06-28;3,1;3;1,2;25,4;23,36;21,1;84;3,666667;
1963-06-29;2,6;7,8;20,5;26,8;24,48;21,4;69,25;3,333333;
1963-06-30;3;4,6;1,1;25;22,9;20,1;82,75;2,333333;
1963-07-01;2,7;7,6;1;26,2;24,24;21,6;73,5;3,333333;
1963-07-02;3,1;6,3;3,2;26,4;24,04;20,8;76;2;
1963-07-03;2,5;6,4;3;26,4;23,86;21,7;80;2,333333;
1963-07-04;2,2;2,1;2,6;25,4;23,2;21,4;86;3,333333;
1963-07-05;1,5;4,1;33,3;26,2;22,24;20,4;89,5;2,666667;
1963-07-06;2,8;6,8;5,7;24,4;22,42;21,7;79;4,333333;
1963-07-07;2,9;2,9;11,9;23,2;21,86;20;84,25;3;
1963-07-08;2,1;,8;7,4;24,6;22,3;19,8;74,5;4;
1963-07-09;3,6;7,6;3;24,2;22,38;20,6;71,5;2,666667;
1963-07-10;3,7;6,3;1;25,4;21,6;19,2;83,5;1;
1963-07-11;1,7;9,4;2;26,5;22,14;19,4;83,75;2;
1963-07-12;2,4;3,7;10,3;25,8;22,32;20;87;1,333333;
1963-07-13;1,9;8,2;5,6;25,3;22,76;20,2;83;1;
1963-07-14;2,3;9,7;1,3;26;22,48;20,4;72,5;3;
1963-07-15;3,5;2,7;4,2;24,3;21,3;20,2;92,75;1,333333;
1963-07-16;1,4;7,1;5,1;25,3;22,3;19,8;87,5;1,333333;
1963-07-17;1,1;8,9;0;26,5;22,38;19,6;88,5;,666667;
1963-07-18;2,2;9,5;0;26,2;22,3;19,6;86,25;2;
1963-07-19;1;9,7;0;26,5;22,4;19,6;80,25;,666667;
1963-07-20;3,1;8,1;0;26,6;23,58;21,3;80;2;
1963-07-21;2,8;9,2;0;28;24,72;21,8;78,75;2;
1963-07-22;2,7;5,6;0;27;24,44;21,8;75,25;,666667;
1963-07-23;2;3,5;1,9;27;23,36;20,4;79,25;1;
1963-07-24;3,2;6,3;0;26,4;22,68;19,8;72,5;3;
1963-07-25;3;4,4;5;24,9;22,72;20,2;90,5;4;
1963-07-26;3;7;2,6;26,2;22,6;19,6;80,75;,666667;
1963-07-27;2,7;2,2;9,4;24,5;22,58;20,2;82,75;3,333333;
1963-07-28;3,1;8,1;10,7;26;22,52;20,4;84,75;2,666667;
1963-07-29;2,5;6,6;3,6;25,5;22,36;19,7;89,75;1,666667;
1963-07-30;1,6;7,1;5,9;25,6;23,12;20,5;79;3,333333;
1963-07-31;3,1;8,3;,9;25,5;23,32;19,7;71,5;2,666667;
1963-08-01;2,2;null;7;25;22,52;21,2;79,5;1,333333;
1963-08-02;2,5;null;,6;25,2;22,44;20,8;84,25;2;
1963-08-03;2;null;11,2;25,2;22,28;20;75,25;4;
1963-08-04;3,7;null;0;25,2;21,68;20;67;2,333333;
1963-08-05;3,1;null;,6;26,2;22,14;18,6;84;,333333;
1963-08-06;2,6;10,4;0;26;22,66;19;79,25;1,666667;
1963-08-07;3;null;2,4;26,2;23,36;21,5;82,5;4,666667;
1963-08-08;3;null;3;25,2;22,28;20,8;83,5;4;
1963-08-09;1,5;null;11,9;25;21,76;19,2;94,75;3;
1963-08-10;1,1;null;36,2;27;23;20;73,5;2;
1963-08-11;2,4;null;0;27,2;22,76;19,2;78,75;2;
1963-08-12;2,7;null;0;26,2;23,04;20,2;75,75;2;
1963-08-13;2,1;null;0;27,2;23,82;20,8;76,25;2;
1963-08-14;3,2;null;3,6;27;23,46;21,1;77;2,666667;
1963-08-15;2,8;null;8,6;25,2;22;20,2;89,75;5,333333;
1963-08-16;1,2;null;5,4;27,2;23,36;20,6;78,25;1,666667;
1963-08-17;6,8;null;,4;27;23,16;20,6;78,75;5;
1963-08-18;2,2;null;4,6;26,1;23,18;20,6;74;3,666667;
1963-08-19;2,2;null;0;26;22,92;20;73,5;4,333333;
1963-08-20;3,2;null;0;27;23,36;21,2;78;2,333333;
1963-08-21;6,5;null;14,2;25;22,04;20;84,25;4;
1963-08-22;1,3;null;10,8;26,9;22,82;20,6;75;2,666667;
1963-08-23;3,2;null;0;27;22,56;20,2;71,5;,666667;
1963-08-24;2,8;null;0;26,8;22,08;18,2;79,5;1;
1963-08-25;2;null;0;27;22,32;19,2;73,5;1;
1963-08-26;2,7;null;0;26,2;23;20,2;78,75;1,333333;
1963-08-27;2,7;null;1,6;27,2;25,64;21,4;55,75;1;
1963-08-28;2,8;null;0;27,6;23,48;21,4;80,5;2;
1963-08-29;3;null;0;26,2;22,74;21,1;85,5;2,666667;
1963-08-30;5;null;0;27;22;19,4;81;1,333333;
1963-08-31;2,5;null;0;28;22,8;19;77;1,666667;
1963-09-01;3;null;0;28;23,92;20;74,75;1,333333;
1963-09-02;4,1;8,3;0;27,2;23,76;22,2;79,5;2;
1963-09-03;3,8;5,8;0;27,2;23,84;21,6;78,25;,666667;
1963-09-04;3,4;8,8;0;27;23,64;21,8;74,25;4,666667;
1963-09-05;3,5;6,3;2;26;22,96;20,2;78,75;6,333333;
1963-09-06;3;4,6;0;27;23,44;21;82;4,666667;
1963-09-07;3;5,8;7,4;26;22,32;20,2;82;3,333333;
1963-09-08;2,7;7,2;4,6;26,2;22,6;20,4;81,5;3;
1963-09-09;3;6,1;,9;26,2;23,32;21,2;78,5;,666667;
1963-09-10;2,3;9,3;,2;28;24,24;22;75,5;1,333333;
1963-09-11;3,6;8,5;0;28;23,96;21,4;71,25;,666667;
1963-09-12;3,9;8,7;0;27,2;23,56;21,2;73,5;,666667;
1963-09-13;2,7;9,5;0;30;24,06;20,1;81;,666667;
1963-09-14;3,3;9,6;0;28;24,08;22;73,75;2,666667;
1963-09-15;3,7;9;0;27;24,08;21,8;75,5;,333333;
1963-09-16;3,6;7,2;0;27,2;24;21,4;81,25;,666667;
1963-09-17;2,6;5,2;0;28;23,68;22,2;89,5;1;
1963-09-18;2,8;5,1;0;27;24;21,8;77,25;1,666667;
1963-09-19;3;7;0;27;23,84;22;78,75;,333333;
1963-09-20;5,6;5;,2;29;23,56;21,2;82,75;1,333333;
1963-09-21;2,5;1,7;17,4;25,2;22,52;20,2;83;2,333333;
1963-09-22;2,7;8,3;10,2;27,2;23,64;22;76,5;1,333333;
1963-09-23;3,4;10,1;0;28;24,12;21,2;77,25;,333333;
1963-09-24;4;7,8;0;27;23,8;21,8;73,25;4;
1963-09-25;3,4;6,5;1,2;26,2;23,08;22,2;75,75;3,333333;
1963-09-26;2,4;9,7;0;27;23,64;21,8;72,75;2;
1963-09-27;4,1;10,1;0;28;23,64;19,6;72,25;1,333333;
1963-09-28;3,1;9,1;0;29;24,36;20,8;81;3;
1963-09-29;2,4;6,3;5;27;23,68;21;81,5;,333333;
1963-09-30;2,8;null;3,2;29;24,56;22;83,25;2,666667;
1963-10-01;2,1;null;0;31;25,3;22,2;80;3;
1963-10-02;3,1;null;4,2;28,2;24,08;21,8;83,5;2,666667;
1963-10-03;3,1;null;0;28;24,64;22,6;76,75;,333333;
1963-10-04;6,4;null;0;28;24,04;22;76,75;,333333;
1963-10-05;3,5;null;0;28;23,84;20,8;72,5;1,666667;
1963-10-06;3;null;0;28,2;23,76;22,2;83,5;1,333333;
1963-10-07;2,4;null;0;29,2;24,92;21;72,75;3;
1963-10-08;4,8;null;0;29,2;25,12;22,8;73,75;4;
1963-10-09;4,2;null;0;32,2;25,4;22,2;75,5;2,666667;
1963-10-10;3,6;null;0;29,2;24,52;21,2;76,25;2,666667;
1963-10-11;3,2;null;0;29,2;25;22,2;74,75;4;
1963-10-12;5,6;null;0;29;24,96;22,8;75,25;4,666667;
1963-10-13;3;null;0;29;24,28;21,4;77,25;1,333333;
1963-10-14;2,6;null;0;29,2;24,76;21;73,75;1,333333;
1963-10-15;3,8;null;0;30;25,48;21,4;75,75;5,333333;
1963-10-16;3,6;null;0;29,2;25,56;23;75,25;4,666667;
1963-10-17;3,6;null;0;30;27,48;22,8;61,75;4,666667;
1963-10-18;7,3;null;0;31;25,68;22,4;71,25;4;
1963-10-19;2;null;0;30;25,2;21,6;78,5;3;
1963-10-20;4;null;0;30;25,56;21,8;70;,666667;
1963-10-21;4,2;null;0;31;28,36;22,6;53,25;3;
1963-10-22;4,8;null;0;30;25,44;21,2;71,75;2,666667;
1963-10-23;4;null;0;31;25,84;22,2;75,25;1,666667;
1963-10-24;4,3;null;0;30;25,8;23;73,5;1,333333;
1963-10-25;4,7;null;0;29;25,56;23,2;72;1,333333;
1963-10-26;4,5;null;0;29;25,04;22,6;75,75;1;
1963-10-27;3,5;null;8;30;25,16;22,6;79;2;
1963-10-28;3,2;null;0;29,2;24,66;21,4;79,75;,333333;
1963-10-29;3,8;null;0;31;27,76;22,4;64;3,333333;
1963-10-30;3;null;0;29;26,64;22,6;74;2,666667;
1963-10-31;1,2;null;7,8;27,2;24,36;23;89,25;,666667;
1963-11-01;2,5;5,5;2;28,2;24,32;22;85;2;
1963-11-02;2,8;8,7;1,2;30;25,28;22,2;83,75;2;
1963-11-03;2,7;5,1;0;28,2;25;22,8;81,75;3,333333;
1963-11-04;1,5;8,6;25;31;25,96;23,2;77,5;1,666667;
1963-11-05;4;6;0;29,2;24,92;21,8;80,5;2,666667;
1963-11-06;2,8;7,9;3,2;29;25;22;81,25;3;
1963-11-07;2,8;8,6;0;30,2;25,6;22,2;81,25;1,333333;
1963-11-08;3,2;8,9;,6;28,2;25,08;22,2;78,5;2;
1963-11-09;3,3;6,7;,4;29;25,48;22,2;75,75;2,666667;
1963-11-10;3,5;10,4;0;30,3;26,26;22,8;82;1,666667;
1963-11-11;3,8;8,9;0;32,2;27,2;24,8;80;2,666667;
1963-11-12;2,7;0;,3;28,2;24,68;22,6;85,25;,666667;
1963-11-13;1,2;0;29,5;26,2;24,52;23,2;91,5;2,666667;
1963-11-14;,8;5,3;0;30;25,84;23;78,75;1,333333;
1963-11-15;2;6,6;8,8;31;25,16;22,2;79;4;
1963-11-16;3,2;5,4;0;30;25,56;23,4;82,75;2,666667;
1963-11-17;2,8;8,4;0;30;25,92;23;74,5;2,666667;
1963-11-18;4,2;10,9;0;29,2;26,36;22,6;72,25;1,333333;
1963-11-19;2,8;9,6;0;30,2;25,88;23;84,75;2;
1963-11-20;3,6;11,4;0;29,2;25,68;22,6;71,25;1,666667;
1963-11-21;3;10,8;0;30,2;28,04;23,2;59;2;
1963-11-22;1,9;9,2;0;30;26,14;22,4;74,25;1,333333;
1963-11-23;4,6;10;,4;29,6;26,68;22,9;69;3,666667;
1963-11-24;3,3;6,7;11,4;29,2;26,08;24,2;81,75;4;
1963-11-25;2,9;11,4;1,8;30,2;26,4;23,6;74,75;4,333333;
1963-11-26;3,2;10,7;0;30;25,9;22,8;75,5;3;
1963-11-27;3,6;11,3;0;31;26,16;22,4;75,25;4;
1963-11-28;4;11,4;0;30,2;26,36;22,4;73,5;4,666667;
1963-11-29;3,8;9,7;4,2;33,2;26,84;23;76,25;4;
1963-11-30;3,8;8,3;0;29,2;25,48;23;81,5;4,666667;
1963-12-01;2,4;10,7;1,6;30;25,68;23;74,25;3,666667;
1963-12-02;4,2;11,6;0;30,2;25,96;23,2;71;4;
1963-12-03;4,1;10,2;0;31;26,44;22,4;72;4;
1963-12-04;4,1;9,5;2,8;30;25,94;23;76;5,333333;
1963-12-05;3;6,5;,1;30,2;26,06;22,9;77;4,666667;
1963-12-06;3,2;10,7;0;31;26,84;22,4;70;3,333333;
1963-12-07;4,2;10,5;0;30,2;25,6;19;73;4,333333;
1963-12-08;4,3;11,7;,3;30,4;26,56;23,4;68,5;1,666667;
1963-12-09;4,8;11,3;0;30,2;26,24;22,6;72,25;2,666667;
1963-12-10;4,3;11,3;0;31;26,46;23,6;76,75;1;
1963-12-11;4,6;11,8;0;31,2;26,14;22,9;75,25;4,333333;
1963-12-12;2,7;9,7;0;32,2;26,68;23,2;75,25;2,666667;
1963-12-13;4;3,8;0;30,2;26,74;24;78,75;2,333333;
1963-12-14;2,5;5,1;0;32;25,78;22,6;80;4,666667;
1963-12-15;3,1;7,8;41;31,2;25,44;22,3;84,5;3,666667;
1963-12-16;2,4;2,6;45,2;31,2;24,84;22,2;90,5;2,333333;
1963-12-17;1,6;0;8,5;29;24,2;21,6;93,5;0;
1963-12-18;1;8,8;67;32;26,12;22,6;83,75;,666667;
1963-12-19;2,4;6,7;9,7;30,2;25,62;23,2;87,5;0;
1963-12-20;1,9;,4;,2;29,2;25,7;24;90,25;1,333333;
1963-12-21;1,4;5,8;20;30,2;25,32;22,8;89,25;1,333333;
1963-12-22;1,9;0;84,2;24,6;23,3;21,6;92,75;6;
1963-12-23;1;0;29,4;24,2;23,32;21,6;80,25;5,333333;
1963-12-24;2,4;0;10,6;25,5;22,62;21,2;92,5;5,333333;
1963-12-25;2,1;0;17,4;25;22,88;21,4;89,25;4,666667;
1963-12-26;3;2,6;17,6;26;23,78;22;89,25;3,333333;
1963-12-27;2,4;4,1;0;27,2;24,9;23,8;88;4;
1963-12-28;1,7;8,6;3,1;29;24,96;22,2;84,75;2,333333;
1963-12-29;1,8;2,6;5,4;28,2;24,88;22,2;88,25;2,666667;
1963-12-30;1,5;2,1;5;29;25,3;23,6;90;1,333333;
1963-12-31;1,5;4,3;2,9;29,4;26,36;23,8;79,5;,666667;
1964-01-01;2,2;4,3;0;29,2;25,38;23,5;85,25;1,666667;
1964-01-02;2;6,8;5,1;30,2;26;23,3;85;2;
1964-01-03;2,1;7,5;0;30,2;25,88;23,2;83,5;0;
1964-01-04;2,6;9,9;0;30;26,08;22,4;76;2,666667;
1964-01-05;3;10,5;0;30,5;26,46;23;79,5;3;
1964-01-06;3,1;6;0;30,2;26,46;23,2;83;2;
1964-01-07;2,4;6,6;2,4;31,2;26,88;24,2;82,25;2;
1964-01-08;2,5;6,5;,5;31,2;26,12;23;83,75;1,333333;
1964-01-09;2,8;11;0;31;26,4;23,4;82,25;2,333333;
1964-01-10;2,6;5,9;0;31,2;26,62;23,8;84;3;
1964-01-11;2,5;5;0;31;27;25;81,5;2;
1964-01-12;2,3;2,7;5;29,2;26,12;24,8;90,5;1,333333;
1964-01-13;1;8,2;20;30,5;26,22;24;82;2,666667;
1964-01-14;2,4;8,5;2,4;32,2;26,92;23,6;82,25;2;
1964-01-15;2,2;0;26;26,5;24,12;22,8;92,25;1,333333;
1964-01-16;,6;8,4;10;32;26,72;23,6;83,25;1,333333;
1964-01-17;2,6;3;24,8;32;26,14;22,5;89;2,666667;
1964-01-18;1;0;9,2;26,2;24,9;23,8;88,25;2,666667;
1964-01-19;1,3;6,3;8,7;28,8;25,72;23,8;84,5;3;
1964-01-20;1,5;1,6;54;28;23,68;22;92,75;,666667;
1964-01-21;1,1;0;29;26,6;23,96;21,6;86,25;,666667;
1964-01-22;1,6;,8;26,1;25;23,88;22;92,25;1,333333;
1964-01-23;,9;10,8;2,2;30,2;26,52;23,4;83;3;
1964-01-24;2,6;6;,2;31;26,82;23,6;80;2,666667;
1964-01-25;2,5;10,8;0;31;26,78;24;77,5;2;
1964-01-26;3,1;2,9;15;30,2;26,26;23,4;83,25;2;
1964-01-27;2,1;4;0;30;27,08;24,2;79,25;2;
1964-01-28;1,4;4,9;4,4;30,2;27;24;79,75;1,333333;
1964-01-29;2,6;8,5;2,8;31,2;26,38;24,1;85;,666667;
1964-01-30;2,4;3,6;4,4;28,2;25,4;23,8;89,75;,666667;
1964-01-31;1,5;10,1;,1;31,2;27,36;24,6;79;,666667;
1964-02-01;2,6;9,6;10,4;31;26,62;24;82,75;1,333333;
1964-02-02;2,5;8,5;3,5;31;27,56;24,2;76,25;,666667;
1964-02-03;2,3;8,6;0;31,2;27,04;24,2;80,75;2;
1964-02-04;2,6;9,8;0;32,2;27,52;24;77,5;,666667;
1964-02-05;2,6;4,4;0;30,2;26,72;24,2;82,75;1;
1964-02-06;3;5,3;2;29;26,04;24;76,75;2;
1964-02-07;2,5;2,5;82;29;24,6;21,8;89,5;1,333333;
1964-02-08;1,3;1,1;20,1;26,2;24,12;22,6;90,25;2,666667;
1964-02-09;1,6;9,1;7,2;30,2;25,4;23;87,25;2;
1964-02-10;,4;11,2;0;31,2;26,64;23;79,5;1,333333;
1964-02-11;,9;7,2;0;30,2;26,16;24;84,25;1,333333;
1964-02-12;2;8,8;3,1;30,2;26,36;23;82;1,333333;
1964-02-13;2,2;10,2;,5;31,2;26,84;24;81,25;1;
1964-02-14;2,8;10,8;0;32,2;27;23,6;81,75;2;
1964-02-15;3;7,4;36,3;30;26,18;23;85,75;2,666667;
1964-02-16;2,2;8,8;0;31,2;26,52;23,6;82,25;1,333333;
1964-02-17;2,5;9,7;0;30,2;26,04;23,2;85,5;1,333333;
1964-02-18;2,2;10,8;0;33;27,3;24;81;1,333333;
1964-02-19;2;10,1;0;32,2;27;24,4;81,25;1,666667;
1964-02-20;3;8,8;0;32;27,28;24,6;83;2,666667;
1964-02-21;2,3;10,6;0;32;27,4;24,4;79,75;,666667;
1964-02-22;2,5;7,5;0;29,2;26,72;24,6;86;1,333333;
1964-02-23;1,5;4,8;26;29,2;26,84;24,6;85;,666667;
1964-02-24;1,5;3,8;5,8;29,2;26,8;24,4;86,5;1,333333;
1964-02-25;1,4;9,5;19,6;31,2;27,14;24;82;1,333333;
1964-02-26;3;8,2;,4;30,2;26,74;23,6;77,75;3;
1964-02-27;2,5;6,1;4,4;30;26,16;23,4;84,5;2;
1964-02-28;2,3;8,8;13,4;31;26,76;23,8;81;2;
1964-02-29;2,7;10,1;9,1;30;26,92;23,2;null;2,666667;
1964-03-01;2,9;8,7;0;null;null;23,2;78,75;2;
1964-03-02;4,6;10,7;1,7;null;null;24,4;80,5;1,666667;
1964-03-03;3,7;9,3;12,4;null;null;23;77;2;
1964-03-04;2,5;1,6;22,3;null;null;22,8;88;,666667;
1964-03-05;1,2;2,6;38,6;null;null;22,4;85,25;2,333333;
1964-03-06;2,6;3,8;,8;null;null;24,2;81,25;,666667;
1964-03-07;2,5;1,4;3,8;null;null;23;86,5;1;
1964-03-08;1,4;6,2;13;null;null;22,2;76,25;2,666667;
1964-03-09;3,8;8,3;,4;null;null;22,8;73,25;2,666667;
1964-03-10;4,6;8,8;7,4;null;null;23,2;80,25;2,666667;
1964-03-11;3,2;3,6;4,1;null;null;23;80,75;,333333;
1964-03-12;2,8;10,1;8,9;null;null;24,2;73,5;3,333333;
1964-03-13;3,6;9,6;0;null;null;24;74,75;3;
1964-03-14;3,5;7,6;6,7;null;null;23,8;84,25;2,333333;
1964-03-15;2,7;5,2;0;null;null;24,4;80,75;1,333333;
1964-03-16;2;7,1;1,8;null;null;24,4;84,5;2,333333;
1964-03-17;2,3;0;50,6;null;null;22;86,25;2,666667;
1964-03-18;1,2;4,3;8,8;null;null;23,8;81;3;
1964-03-19;2,8;,1;0;null;null;22,6;89,25;3;
1964-03-20;1,2;2,2;26;null;null;22,6;83,5;3;
1964-03-21;2,3;4;,8;null;null;24,2;79,5;3,666667;
1964-03-22;3,1;1,1;10;null;null;23,2;85,5;4;
1964-03-23;2,3;2,3;109,4;null;null;22;91,25;2,666667;
1964-03-24;3,2;1,4;6,8;null;null;23;87,75;1,333333;
1964-03-25;4,7;6,3;53,6;null;null;23,8;87,25;1,333333;
1964-03-26;3;9,7;1,2;null;null;23,4;82;2,666667;
1964-03-27;3,1;5,5;14,8;null;null;24;82;1,333333;
1964-03-28;2;8,9;,4;null;null;24;90;,666667;
1964-03-29;1;8,7;0;null;null;23,6;86;,333333;
1964-03-30;3,3;9,3;0;null;null;23,4;81,5;1,333333;
1964-03-31;1,9;9,9;4;null;null;23,6;75,5;1,666667;
1964-04-01;2,1;10,1;,8;null;null;23;80,25;1,333333;
1964-04-02;,8;10;1,2;null;null;23,9;81,5;,666667;
1964-04-03;1,1;7,4;,2;null;null;24,4;88;1,666667;
1964-04-04;2,8;5,7;4,6;null;null;24,2;90,75;1,666667;
1964-04-05;3,5;,1;17,8;null;null;23,6;87,5;2;
1964-04-06;,8;2,3;18,4;null;null;24,2;86;1;
1964-04-07;2;8,5;19,1;null;null;22,2;80;1,333333;
1964-04-08;3,2;4,8;0;null;null;23,2;83,5;1,333333;
1964-04-09;2,8;2,1;3;null;null;22,8;80,5;2;
1964-04-10;2,2;5,4;11,3;null;null;22,6;89,5;2,333333;
1964-04-11;2,3;1,2;27;null;null;22,6;92;2,666667;
1964-04-12;1,5;5,8;2,3;null;null;23,2;92;1;
1964-04-13;1,5;0;17,2;null;null;22,2;95,75;1;
1964-04-14;,5;0;62,4;null;null;22,4;83,25;2,666667;
1964-04-15;1,6;8,8;7,6;null;null;23,6;88,5;2,333333;
1964-04-16;4,5;2,7;11,4;null;null;22;84,25;2;
1964-04-17;2;6,2;18,7;null;null;22,2;74,75;2;
1964-04-18;1,9;2,8;14;null;null;22;89,25;1,666667;
1964-04-19;1,2;,7;16,8;null;null;22,6;88;,666667;
1964-04-20;1,6;6,4;8,6;null;null;22,2;84;4;
1964-04-21;2,2;10,2;0;null;null;24;84;4;
1964-04-22;2,8;2,4;19,2;null;null;23,2;93,75;2,666667;
1964-04-23;1,2;0;106,2;null;null;23,2;91,25;,333333;
1964-04-24;1,2;8,5;15,6;null;null;24,2;80,5;2,666667;
1964-04-25;2,4;9,8;0;null;null;24;84,25;1,666667;
1964-04-26;2,9;9,5;,2;null;null;23,6;88;2,333333;
1964-04-27;3,1;2,4;4,8;null;null;23,9;92,25;2;
1964-04-28;,7;1,4;31,8;null;null;23,4;92,75;1;
1964-04-29;,9;5,7;0;null;null;23,6;83;1;
1964-04-30;1,6;2,8;0;null;null;23,4;84;1;
1964-05-01;1,6;5,3;12,6;null;null;23,6;89,75;2;
1964-05-02;1,8;7,6;0;null;null;23,2;85,5;1,333333;
1964-05-03;,7;6,4;0;null;null;23;79,5;1,666667;
1964-05-04;2,5;0;29,6;null;null;23,4;83,5;4;
1964-05-05;1,5;3,5;0;null;null;24;83,25;2,666667;
1964-05-06;2;3,7;1,4;null;null;23;91,5;,666667;
1964-05-07;6,9;7,8;4;null;null;24,4;88,25;,666667;
1964-05-08;1,1;1,6;7,2;null;null;23,2;94,75;2;
1964-05-09;2;4,3;23,6;null;null;23,2;92,25;3,333333;
1964-05-10;,4;,1;32;null;null;23;92,5;3;
1964-05-11;1,1;,9;2,8;null;null;22,8;91;,666667;
1964-05-12;,7;1,2;21,6;null;null;22,8;93;,666667;
1964-05-13;1;7;27,2;null;null;23,8;90,75;2,666667;
1964-05-14;1;,1;11,6;null;null;22,4;92,5;2,666667;
1964-05-15;1,8;5,6;,4;null;null;23,6;85;1,333333;
1964-05-16;2,2;1,7;4,9;null;null;22,2;94,5;3,333333;
1964-05-17;2,9;2,4;30,8;null;null;22;87;4,666667;
1964-05-18;2,2;0;49,8;null;null;21;97,25;4;
1964-05-19;1;3,6;30;null;null;21,8;95;1,333333;
1964-05-20;,8;9,6;2;null;null;21;95,5;1,333333;
1964-05-21;1,5;7,1;42;null;null;22;91,5;,666667;
1964-05-22;1;9,3;2;null;null;23;89;2;
1964-05-23;1,2;6,2;,2;27,2;24,88;22,6;93,25;3,333333;
1964-05-24;1,3;3,2;4,4;27;24,48;22,4;89,75;2,666667;
1964-05-25;2,5;6,1;3,2;30,2;25,28;23;91,5;3;
1964-05-26;2,8;3,4;10;29,2;25,56;23,6;80,25;2;
1964-05-27;2,4;6,5;4;28;24,64;22,6;84,75;2;
1964-05-28;2,3;7,4;11,2;27;23,36;21,8;87;2,666667;
1964-05-29;1,7;4;0;25,2;23,64;22,6;90,25;2;
1964-05-30;1,8;2,9;3,8;26,2;24,16;22;88;3;
1964-05-31;3;4,7;19,2;25,4;21,8;20,2;93,5;5;
1964-06-01;1,2;4;18,4;null;null;19,8;90,5;3,333333;
1964-06-02;4,3;7,9;2,2;null;null;20,2;93,5;5,333333;
1964-06-03;3,5;0;4,8;null;null;20,2;92,25;4;
1964-06-04;2,2;7,9;1;null;null;20,6;92;3;
1964-06-05;1,3;7,5;0;null;null;21,6;89;2,666667;
1964-06-06;1,5;7,6;0;null;null;21,8;87,5;2,666667;
1964-06-07;1,2;2,9;2;null;null;21,2;90,5;1,666667;
1964-06-08;1,3;0;41,2;null;null;20,4;94,5;2;
1964-06-09;,7;,7;94;null;null;20,2;85,5;1;
1964-06-10;2;5,9;5,2;null;null;20,8;93,5;1,333333;
1964-06-11;1,2;10,7;0;null;null;22,2;92;,333333;
1964-06-12;1,8;5,6;0;null;null;21,4;86,75;2;
1964-06-13;1,5;6,6;0;null;null;22,8;92;1,666667;
1964-06-14;1,5;3,4;5,2;28;23,6;21,6;93,25;,666667;
1964-06-15;1,2;9;7;28;24,12;21;75,25;2,666667;
1964-06-16;3;2,9;1,2;28;23,94;21,7;84,5;2;
1964-06-17;1,3;5,4;0;27,2;24,36;22,6;84,5;,666667;
1964-06-18;1,3;8,2;0;28;24,88;22,4;80;2,666667;
1964-06-19;2,9;6,3;3,2;28;25,4;22,8;92,5;3;
1964-06-20;1,2;4,4;21,6;27,2;23,96;21,4;93,25;1,666667;
1964-06-21;2;6,9;8,8;27,2;24,68;21,8;94,5;1,666667;
1964-06-22;2,5;9,1;,9;27,2;23;21,2;95,75;1,333333;
1964-06-23;1,8;1,3;5,8;27,2;24,76;22,6;91,5;2,666667;
1964-06-24;2;4,8;2,4;28,2;24,8;21,2;82,75;2;
1964-06-25;3,7;10;4;28,2;24,8;23,2;82,5;1,333333;
1964-06-26;2,7;3,9;36;28,2;23,56;21,4;86,75;2;
1964-06-27;1,3;7,5;11,8;28,2;23,8;21,2;86,75;2;
1964-06-28;2,3;7,7;6;28,2;23,56;22;83;2;
1964-06-29;1,7;4,6;1,2;28,2;23,28;21;90,5;2;
1964-06-30;1,1;7,9;27;28;24,12;21;87,5;2;
1964-07-01;3,1;8,7;0;27,2;24,2;22;78,25;,666667;
1964-07-02;1,3;7,2;2,4;28;24,24;21,8;80,25;1,333333;
1964-07-03;2,8;0;0;28;24,92;22,4;85,25;1,333333;
1964-07-04;2,2;8,3;12;27,8;24,08;22,2;81,75;1,333333;
1964-07-05;2;10,3;0;28;23,48;20,8;82,5;1,333333;
1964-07-06;2,2;null;0;27,2;24,02;21,3;79;2,666667;
1964-07-07;2;null;12,2;27;23,12;21,6;80,5;2,666667;
1964-07-08;1,2;null;14,8;26;22,24;20,8;93;1,333333;
1964-07-09;1;null;43,2;25,2;22,2;20,8;87,75;1,333333;
1964-07-10;,6;7;1;27;23,92;21;79;1,333333;
1964-07-11;,9;5,1;7,2;27;23,64;21;82,25;2;
1964-07-12;1,6;7,4;10;26;22,8;20,6;86,25;3,333333;
1964-07-13;2,2;null;34;25,2;21,56;20,2;94;4;
1964-07-14;1,1;0;58,8;26;22,04;20,6;91,75;4,666667;
1964-07-15;2,4;4,6;24,8;25,2;21,84;20,4;89,5;3;
1964-07-16;1,5;8,7;1,2;26;22,96;21,4;81,25;3,333333;
1964-07-17;1,7;5,9;6,6;27;22,64;20;85,75;1,333333;
1964-07-18;1,6;9,5;0;26;24,12;20,4;84;1,333333;
1964-07-19;1;9,8;0;27;24,36;22,4;75,75;2;
1964-07-20;1,2;6,7;2;26,2;23,42;21,2;87,25;1,333333;
1964-07-21;1,5;8,6;,6;25;23,72;21,2;83,5;1,333333;
1964-07-22;2,7;4,3;0;25,6;23,8;22;82,5;3,666667;
1964-07-23;1,8;6,2;13,2;25,4;23,68;21,8;90,75;5,333333;
1964-07-24;5,5;,6;0;24,2;23,44;22,4;85,75;6,666667;
1964-07-25;3,4;,6;,9;24,8;22,5;21,1;88;2,333333;
1964-07-26;1,9;6,4;6,6;27;23,16;21,4;91,25;1,333333;
1964-07-27;1,2;1;0;27,2;23,5;21,5;91,25;0;
1964-07-28;2;7,3;0;27;23,38;20,1;85,75;2,666667;
1964-07-29;1,2;0;30,9;26;22,84;19;75,5;6;
1964-07-30;5,3;1,2;3;24,2;22,88;21,8;80,25;7;
1964-07-31;2,9;5,4;9,6;25,2;22,18;20,8;88,75;4;
1964-08-01;1,8;6,3;16,8;25,8;22,62;21;89,5;6;
1964-08-02;1,8;2,7;60,4;26;23,1;20,7;82;2,666667;
1964-08-03;2,8;9,6;3,4;26,2;23,44;21,6;78;2;
1964-08-04;2,2;8,4;,2;27;23,8;21,6;76,5;4;
1964-08-05;4;10,2;4,2;26,2;23,8;21,4;70,75;5;
1964-08-06;4,2;7,4;22,9;26,2;21,88;19,8;82,75;6;
1964-08-07;3;6,1;17,8;26,2;23,06;20,4;75,75;2,666667;
1964-08-08;1,9;8,4;13,4;25,3;22,66;20;79;2,666667;
1964-08-09;2,4;8,9;2;27;23,76;21,2;71,25;2,666667;
1964-08-10;3,3;8,3;,8;27;23,76;21,8;81,25;2,666667;
1964-08-11;2,8;3,7;8,8;25;22,8;20,6;76,75;5,333333;
1964-08-12;3;3,8;17;24,2;21,54;19,9;85;3;
1964-08-13;1,3;2,9;30,9;23,2;21,76;19,6;89,5;3;
1964-08-14;1;2,2;6,2;24;22,28;20,6;92,25;3,333333;
1964-08-15;,5;2,2;20,4;24;22,24;20,2;91,25;,666667;
1964-08-16;1,8;7,5;14;26,2;23,98;22,2;77,75;2,666667;
1964-08-17;1,7;7,3;7;26;22,88;21;84,25;3,333333;
1964-08-18;2,4;10,6;1,6;26,6;23,88;21,6;71,25;3,666667;
1964-08-19;3,8;6;0;25,2;22,92;21,2;84,75;3,333333;
1964-08-20;1,9;6,7;4,1;27;24,08;21,4;84,25;4;
1964-08-21;2,8;10,4;0;26,2;24,08;22,4;76,75;2,333333;
1964-08-22;2,5;5;41,2;26,6;22,76;20,2;81,75;2;
1964-08-23;1,9;6,8;,2;26,2;23,5;21,5;79,75;1,666667;
1964-08-24;2,7;7,5;8,8;26,2;23,34;21,8;82;2,333333;
1964-08-25;2,1;11,4;4,6;27;23,56;20,8;74;1,666667;
1964-08-26;4;7,9;0;28;24,12;21;61,75;3,666667;
1964-08-27;5,5;10;0;26,2;23,88;21,4;76;1,666667;
1964-08-28;3,2;9,5;2,8;26,6;23,66;21,8;76,25;1,666667;
1964-08-29;2,6;,1;,8;25,2;22,76;21,2;87,25;2;
1964-08-30;1,3;10;4,8;28;23,8;20;78;1,333333;
1964-08-31;2,9;11,4;0;28,2;24,08;21,3;73,5;2;
1964-09-01;3,3;4,9;1,2;26,8;23,6;20,6;79,25;1,333333;
1964-09-02;1;10,6;1,3;28,2;23,68;19,8;78,25;2,666667;
1964-09-03;3,4;7,5;0;29;24,32;20,7;78,25;1,333333;
1964-09-04;2,7;7,8;0;28,2;24,7;22,2;71,75;3;
1964-09-05;3,9;8,9;0;28;24,76;22,8;74;2,333333;
1964-09-06;2,8;10;1,6;27;24,96;21;62;4;
1964-09-07;4,5;5,1;,4;27;24,28;22;76,75;3,333333;
1964-09-08;3,7;4,7;5,8;27,2;23,4;21,2;79;3,333333;
1964-09-09;3;8,3;14,1;27,2;23,72;20,8;72,25;2,333333;
1964-09-10;4,2;10,5;1,9;27,2;23,82;21,3;76;,666667;
1964-09-11;2,6;1,8;13,8;25,2;22,82;19,9;86;2;
1964-09-12;2,2;11;6,4;27,2;23,88;20,2;72,5;2;
1964-09-13;2,8;2,1;8,5;26;23,52;20,4;80,5;,666667;
1964-09-14;3;9,6;6;26;23,64;22,2;77;3;
1964-09-15;2,4;10;13;27,2;23,88;20,6;72;4;
1964-09-16;3,8;9,4;10,8;27,2;23,72;21,2;78,5;1,333333;
1964-09-17;4,3;,9;,5;27,2;24,24;22,6;70,25;1,333333;
1964-09-18;4,4;7,9;6,6;26,2;23,46;20,6;72;1,666667;
1964-09-19;3,8;9,2;1,2;27,2;23,8;21,6;70;2,333333;
1964-09-20;5,2;7,2;,2;27,2;23,72;21,4;73,5;1,333333;
1964-09-21;3,1;7,9;6,9;27,2;23,32;20,8;76,5;2,333333;
1964-09-22;4,2;8,6;,4;27,2;24,3;21,9;69,75;3;
1964-09-23;3;2,2;3;26,2;22,88;20,6;88;2;
1964-09-24;2;4,4;3,8;27,2;23,66;21,4;82,75;1,666667;
1964-09-25;2,8;6,2;10;26,2;23,3;21,2;84,25;2;
1964-09-26;2,2;6;8,8;27;24,48;21,4;74,5;3;
1964-09-27;3,2;6,4;2,4;27,2;24,06;21,2;75;2,666667;
1964-09-28;3,5;9,2;,1;27,2;24,4;21,6;75,75;3;
1964-09-29;2,9;9,4;4,6;27,2;24;21,2;76,25;2,666667;
1964-09-30;1,8;9,2;4,8;27,6;24,24;22;81,25;2,333333;
1964-10-01;3,6;7,8;1,6;27,2;24,3;21,8;80,75;3,666667;
1964-10-02;3,3;10,8;,4;28;24,22;22;72,75;2,666667;
1964-10-03;4,2;4;0;26,2;23,02;20,1;77,75;2;
1964-10-04;2,1;11,3;,6;29,2;24,7;20,4;72,5;2,333333;
1964-10-05;3,4;9;0;28,2;25,16;21,4;76,75;2;
1964-10-06;2,7;7;0;29,2;25,12;22,6;77,5;3,333333;
1964-10-07;2,8;6,4;0;29;26,2;22,6;73;2;
1964-10-08;2,3;10,5;0;29,2;26,12;22,2;67;,666667;
1964-10-09;4;9;0;28,4;24,2;21;76,25;2;
1964-10-10;3,4;6,5;0;29;25,08;21,8;76,5;1,333333;
1964-10-11;3,6;10,3;0;29;25,08;22,2;78;1,333333;
1964-10-12;3,2;7,7;,8;29,2;25,1;22,1;72,5;1,666667;
1964-10-13;2,8;3,8;0;28;24,52;21,6;80,5;2,666667;
1964-10-14;2;2;18;27,8;24,84;22,8;81,5;,666667;
1964-10-15;2,6;,9;1,6;27,2;24,36;22,5;85,75;1;
1964-10-16;1,4;0;103,5;26,6;21,92;20;89;2,666667;
1964-10-17;1,2;0;5,3;25,2;22,8;20,4;89,5;2,666667;
1964-10-18;1,3;5,9;24,2;27,2;23,36;22;84,5;1,333333;
1964-10-19;1,9;7,8;4,6;28;24,18;21,4;79,25;1,333333;
1964-10-20;3;7,3;0;27,2;24,04;21,2;84,25;2,666667;
1964-10-21;1,8;5,2;0;27;24,12;22;84,75;1,333333;
1964-10-22;3,6;8,9;1,8;29,2;25,2;22,2;78,75;1,333333;
1964-10-23;1,2;6,4;0;29;25,44;21,8;76,25;2;
1964-10-24;4,2;9,2;0;29;25,64;23,2;79,75;2;
1964-10-25;1,8;3,3;,1;29;26,1;23;66;1;
1964-10-26;3,3;6,3;1,4;28,2;24,88;22,8;75,75;2;
1964-10-27;2,9;11,5;0;30,2;25,36;21,6;66,75;2,333333;
1964-10-28;4,2;10,6;0;29,2;25,04;20,8;72;1,333333;
1964-10-29;2,2;11,1;3;29;25,12;21;74;0;
1964-10-30;2,5;11,1;0;29,2;25,82;23,4;72,25;2;
1964-10-31;3;8,6;0;30,2;25,52;22;71;1,333333;
1964-11-01;3,3;11,2;0;29,5;24,96;21,4;78,75;1,333333;
1964-11-02;3,8;8,5;0;29,2;24,88;22,8;81,25;2;
1964-11-03;3,1;2,5;0;29;25,4;22,6;84;2;
1964-11-04;3,5;1,4;1,3;26;23,28;21,8;93,5;1,666667;
1964-11-05;1,8;5,3;16;28;24,04;21,2;83,75;1,333333;
1964-11-06;3,7;5,6;,2;30,2;25,4;22,2;76,75;1,333333;
1964-11-07;3,5;10,9;0;31;26;22,6;81,5;,666667;
1964-11-08;3,7;10,7;0;31;26,74;23,2;80;2;
1964-11-09;3;8;0;30,2;25,88;23,6;79,5;1,333333;
1964-11-10;1;6,6;,9;29;25,08;22,4;82,25;2,666667;
1964-11-11;2,2;7,4;6;30;26,16;24;80,5;4,333333;
1964-11-12;,7;0;7,8;27,6;23,04;21;82;5,666667;
1964-11-13;2;0;10,4;27;23,36;20;79;1,333333;
1964-11-14;2,3;8,5;1,6;27,5;24,18;21,2;81,25;,666667;
1964-11-15;2,3;4,8;2,4;28,2;24,36;21,6;84,75;4;
1964-11-16;2,4;11,1;0;29;25,74;23,2;75;4;
1964-11-17;3,2;10,5;0;29;25,64;22;77,25;2,666667;
1964-11-18;3,4;9,4;4,4;29,2;25,28;22,2;77,25;1,333333;
1964-11-19;3,5;11,2;0;29;25,86;23,6;72,75;2,666667;
1964-11-20;3,7;9,2;0;29;24,88;21,4;71;2;
1964-11-21;3,2;10;,9;29,2;25,4;21,8;74,5;1;
1964-11-22;5,4;8,6;0;30,2;25,8;22,6;79,75;2,666667;
1964-11-23;6,4;0;,9;29;25,12;23,4;85,25;2,666667;
1964-11-24;1,4;0;161,4;28;22,52;21;95,75;1,666667;
1964-11-25;,8;1,8;15,4;26,2;23,56;21,4;90,75;3,333333;
1964-11-26;1,8;,4;1,7;26,2;23,12;21;88,5;3,333333;
1964-11-27;1,2;2,8;9,4;27;22,34;16,2;83,75;4,333333;
1964-11-28;2,8;0;28,2;25;23,2;22;91,5;1,333333;
1964-11-29;,4;4,1;8,9;28;24,64;22;83;1,666667;
1964-11-30;2,2;7;0;28,2;25,12;21,8;82;1,333333;
1964-12-01;1,8;6,4;2,9;29;24,32;22,2;83;2;
1964-12-02;3;9,5;0;29;25,36;22,2;78;1,333333;
1964-12-03;3,1;7,1;,6;29,2;25,1;23;80,25;2,666667;
1964-12-04;1,7;3,4;0;30,2;27,36;23,4;75,75;2,333333;
1964-12-05;2,1;0;76,2;29;23,04;21;89;4;
1964-12-06;1,6;,8;58,3;27,2;22,96;21,2;90;4,333333;
1964-12-07;2,3;0;5;23;22,84;22,2;91,5;4;
1964-12-08;1,2;5,1;45,9;28,2;24,28;22,2;86,5;2,666667;
1964-12-09;2,1;7,7;0;29,2;24,56;22,2;82,25;2,666667;
1964-12-10;1,3;10,1;1,2;29,2;24,72;23,2;81,5;1,333333;
1964-12-11;1,7;3,7;0;29,2;25,12;22,6;85;3,666667;
1964-12-12;2,3;8,4;0;30;25,52;22,8;80,5;2;
1964-12-13;3,4;9,5;0;30;25,82;22,6;72,25;1,333333;
1964-12-14;3,8;10,7;0;30,2;25,64;22;68;,666667;
1964-12-15;3,8;7,2;1,8;29,2;25,32;22;76,5;1,333333;
1964-12-16;3,6;11,5;1,3;29,2;25,44;22,6;76,75;1,333333;
1964-12-17;4,4;8,8;0;29,2;25,2;22,6;75,5;,666667;
1964-12-18;,6;9,4;0;31,2;26,2;22,8;77,75;1,333333;
1964-12-19;3,2;9,3;0;31;26,24;23,2;78,5;2;
1964-12-20;1,4;11,2;3,2;30,2;24,64;17,6;79,75;,666667;
1964-12-21;4,4;10,9;,2;30;25,64;22;75;1,666667;
1964-12-22;4;9,5;0;31,2;26,68;23;75,75;1,333333;
1964-12-23;3,4;11,5;2,4;30,2;25,88;23,4;80;1,333333;
1964-12-24;1,6;11,7;0;30;25,96;23;77,5;1,333333;
1964-12-25;2;9,2;0;30,2;25,84;22,8;79;2;
1964-12-26;4,2;8;0;32,2;26;22,6;78,25;,666667;
1964-12-27;2,8;11,1;0;33,2;26,08;22,2;77,75;3,333333;
1964-12-28;3,2;3,2;6,4;31;25,88;22,4;83;,666667;
1964-12-29;1,8;10,6;0;33;26,4;23,6;80;0;
1964-12-30;2;11;0;32,2;26,04;22,8;76,75;2;
1964-12-31;2,5;10,7;0;31;26,84;23,6;73;1;
1965-01-01;3,5;7;0;30,2;25,36;20;80,5;0;
1965-01-02;3,2;10,6;0;31;26,02;22,4;79,5;1,333333;
1965-01-03;3,8;10,9;0;30,2;25,36;22;79,5;,666667;
1965-01-04;4;10,3;0;30,2;25,52;22,4;80;1,333333;
1965-01-05;3,3;10,9;0;32;25,8;22,4;82;1,666667;
1965-01-06;,2;9,3;0;31;26,3;24,1;80,25;2;
1965-01-07;4,5;9,5;0;31;26,12;23,2;78,25;1,333333;
1965-01-08;4;11,6;,6;31;26,6;23;75;2;
1965-01-09;4,8;11,8;0;31;26,4;23,3;76,25;2,666667;
1965-01-10;,5;9,8;1,4;29,5;27,58;23,2;71,5;3;
1965-01-11;2,4;10,8;5,2;30;26,04;21,8;76;3;
1965-01-12;2,1;10,4;5;29,7;26,02;23,2;78;1,666667;
1965-01-13;4,8;11,3;1,6;30;26,56;24;74,75;1,333333;
1965-01-14;3,5;4,5;,2;29,2;25,28;22,2;89,5;2;
1965-01-15;1,7;5,7;22,1;30;25,08;22,8;83,75;2;
1965-01-16;3,8;10,5;6,3;29,3;25,74;23,3;75,75;,666667;
1965-01-17;2;9,2;10,2;29;24,6;21,4;81,25;3,666667;
1965-01-18;1,2;3,6;,1;28,2;24,98;22,8;84,75;1,333333;
1965-01-19;1,3;9,5;4,4;30;25,92;22,6;75,75;2;
1965-01-20;2,8;6;0;30;26,52;23,3;74,25;2;
1965-01-21;2,7;8,8;0;30;26,74;23,2;73,5;,666667;
1965-01-22;1,3;3,6;0;29,4;25,98;23;79,25;2;
1965-01-23;2,7;3,3;0;29;26,52;23,6;75,75;2;
1965-01-24;3,5;6,5;0;29;26,3;23,9;77,75;1,333333;
1965-01-25;3,2;4,8;6;28,3;24,2;21,3;84,5;2;
1965-01-26;1,8;7,2;15,2;29;25,52;21,3;78,25;1,333333;
1965-01-27;4,9;10,1;,2;29,2;25,6;22,3;78,25;1,333333;
1965-01-28;2;8,5;0;29,6;26,2;22,8;83,5;2,333333;
1965-01-29;3,1;10,8;7,4;30;26,44;23,6;77,25;1;
1965-01-30;3,1;11,7;0;31;26,54;23,3;78,5;0;
1965-01-31;2,2;10,7;0;30,2;25,7;22,1;79,5;2;
1965-02-01;1,3;10,9;,1;31;26,16;23;80,75;1,333333;
1965-02-02;3,5;11,9;0;31,2;25,64;22,8;74,75;2,666667;
1965-02-03;3;11,5;0;32;26,28;22,2;82,75;,666667;
1965-02-04;4;11,5;0;33,2;27,64;24,2;81,5;,666667;
1965-02-05;3,2;11,4;0;33;27,8;24,4;77;2;
1965-02-06;1,8;11,4;0;35,2;28,3;24,2;77;2;
1965-02-07;2,2;8,1;8,8;32,2;26,6;24,2;83,25;2;
1965-02-08;5;10,1;0;31;26,9;23,8;82,5;1,333333;
1965-02-09;5,5;7,2;0;32,2;26,9;22,8;72,5;2;
1965-02-10;5;11,1;0;31;26,12;23,2;70,25;2,666667;
1965-02-11;3;9,8;0;30,2;25,72;22,9;80,5;2;
1965-02-12;3,4;1,3;14,2;28;24,8;22,8;84,75;2,666667;
1965-02-13;2,6;10,8;21,2;29,2;26,24;24;76,25;2;
1965-02-14;3,2;10,9;0;30,2;26,28;22,6;77,5;1,333333;
1965-02-15;3,5;10,7;0;30,2;26,24;23,6;77;2;
1965-02-16;2,8;10,6;0;31,5;26,82;22,4;71,5;2,666667;
1965-02-17;3,7;11;0;31,2;26,44;23,6;77,75;2;
1965-02-18;3,5;10,7;0;32;26,88;23,8;78;2;
1965-02-19;3,3;6,8;0;30;26,56;24,2;82,75;3,333333;
1965-02-20;4,1;10,3;2,8;32;27,44;24;77;2;
1965-02-21;1,6;8,4;0;31;27,36;23,8;74,75;2;
1965-02-22;3,1;8,7;,5;31;26,82;24,2;78,75;2;
1965-02-23;3,5;10,6;0;31;27,16;23,6;75;1,333333;
1965-02-24;3,7;8,6;0;31;27;24,4;74,5;2;
1965-02-25;4,1;8,4;,4;29,2;26;23,4;77;2,666667;
1965-02-26;2,2;8;10,6;29;26,26;23,2;79,75;2;
1965-02-27;3;11,2;7,8;31;26,88;23,4;75,75;,666667;
1965-02-28;3,5;7,4;,4;31;26,24;23,6;82,75;2;
1965-03-01;3,7;7,4;,4;31,2;26,8;24,2;78;2;
1965-03-02;3,5;8,8;0;32,2;27,04;23,6;78,5;2;
1965-03-03;3,9;9,4;0;31;27;24;78,25;3,333333;
1965-03-04;2,6;9,3;0;31;27,08;24,4;79;,666667;
1965-03-05;3,2;9,4;0;31,2;27,12;24,4;74,25;1,333333;
1965-03-06;4,4;8,4;0;32;27,56;23,6;73,75;2;
1965-03-07;2,1;10,7;0;31,2;27,42;23,9;71,5;2,666667;
1965-03-08;4,8;11;0;31,2;27,64;24,6;71;2;
1965-03-09;4,4;8,7;0;30,2;26,78;24,2;76,75;2;
1965-03-10;3;8,8;0;31,2;26,92;23,4;75,25;2,666667;
1965-03-11;3,7;11,3;4,4;30,9;27,28;23,9;74,75;1,333333;
1965-03-12;4,1;6,6;0;30,9;27,1;24,2;77,25;,666667;
1965-03-13;3;10,8;,8;31,2;26,72;24,2;76,25;1,333333;
1965-03-14;6;9,6;0;30,2;27,2;24,8;76,5;2,666667;
1965-03-15;3,5;9;0;30;26,5;24,4;80;2,666667;
1965-03-16;2,7;5,7;8,5;29;25,36;23,6;82,25;3,333333;
1965-03-17;1,8;7,6;,3;31;27,38;24,9;71,25;,666667;
1965-03-18;4;9,5;,4;32;26,58;23,3;76,75;1,333333;
1965-03-19;4;10;0;31;27,08;24;74,5;,666667;
1965-03-20;4,5;10,9;0;32;27,72;24,1;74;1,666667;
1965-03-21;4;4,7;4,2;31;26,2;22,8;80;1,333333;
1965-03-22;3;6,2;2,2;30;26,58;24,2;79,5;2,666667;
1965-03-23;2,5;3;6,8;29;24,48;22;84,75;2;
1965-03-24;2,6;7,6;0;29,2;25,6;23,1;83;1,333333;
1965-03-25;3,3;7;4,9;31;26,82;23,9;80,75;2,666667;
1965-03-26;2,4;8,2;0;30,2;27,16;24,6;73;,666667;
1965-03-27;3,5;6,8;0;30,2;26,4;24,2;79,75;1,333333;
1965-03-28;3;8,2;0;31;25,96;23,2;82,25;2;
1965-03-29;2,8;9,8;1;32;27,68;24;79,5;1,333333;
1965-03-30;3;7,3;0;31;26,14;23,7;86,5;1,333333;
1965-03-31;2,3;9,4;7,4;32,2;26,64;23,6;76,75;,666667;
1965-04-01;null;null;null;null;null;null;null;null;
1965-04-02;null;null;null;null;null;null;null;null;
1965-04-03;null;null;null;null;null;null;null;null;
1965-04-04;null;null;null;null;null;null;null;null;
1965-04-05;null;null;null;null;null;null;null;null;
1965-04-06;null;null;null;null;null;null;null;null;
1965-04-07;null;null;null;null;null;null;null;null;
1965-04-08;null;null;null;null;null;null;null;null;
1965-04-09;null;null;null;null;null;null;null;null;
1965-04-10;null;null;null;null;null;null;null;null;
1965-04-11;null;null;null;null;null;null;null;null;
1965-04-12;null;null;null;null;null;null;null;null;
1965-04-13;null;null;null;null;null;null;null;null;
1965-04-14;null;null;null;null;null;null;null;null;
1965-04-15;null;null;null;null;null;null;null;null;
1965-04-16;null;null;null;null;null;null;null;null;
1965-04-17;null;null;null;null;null;null;null;null;
1965-04-18;null;null;null;null;null;null;null;null;
1965-04-19;null;null;null;null;null;null;null;null;
1965-04-20;null;null;null;null;null;null;null;null;
1965-04-21;null;null;null;null;null;null;null;null;
1965-04-22;null;null;null;null;null;null;null;null;
1965-04-23;null;null;null;null;null;null;null;null;
1965-04-24;null;null;null;null;null;null;null;null;
1965-04-25;null;null;null;null;null;null;null;null;
1965-04-26;null;null;null;null;null;null;null;null;
1965-04-27;null;null;null;null;null;null;null;null;
1965-04-28;null;null;null;null;null;null;null;null;
1965-04-29;null;null;null;null;null;null;null;null;

