Nome: SALINOPOLIS (2)
Codigo Estacao: 82144
Latitude: -0.65
Longitude: -47.55
Altitude: 14
Situacao: Desativada
Data Inicial: 1960-01-01
Data Final: 1964-12-30
Periodicidade da Medicao: Diaria

Data Medicao;EVAPORACAO DO PICHE, DIARIA(mm);INSOLACAO TOTAL, DIARIO(h);PRECIPITACAO TOTAL, DIARIO(mm);TEMPERATURA MAXIMA, DIARIA(°C);TEMPERATURA MEDIA COMPENSADA, DIARIA(°C);TEMPERATURA MINIMA, DIARIA(°C);UMIDADE RELATIVA DO AR, MEDIA DIARIA(%);VENTO, VELOCIDADE MEDIA DIARIA(m/s);
1961-01-01;null;null;null;null;null;21,4;null;2,666667;
1961-01-02;null;null;0;null;null;21,2;null;3;
1961-01-03;null;null;0;null;null;21;null;3;
1961-01-04;null;null;0;null;null;21;null;3,666667;
1961-01-05;null;null;0;null;null;21,4;null;3,666667;
1961-01-06;null;null;0;null;null;21,2;null;3;
1961-01-07;null;null;0;null;null;21,8;null;3;
1961-01-08;null;null;0;null;null;21,6;null;3;
1961-01-09;null;null;0;null;null;21,2;null;3,333333;
1961-01-10;null;null;0;null;null;21,4;null;3,333333;
1961-01-11;null;null;0;null;null;20,8;null;4;
1961-01-12;null;null;0;null;null;21,2;null;3,666667;
1961-01-13;null;null;0;null;null;21,6;null;4;
1961-01-14;null;null;0;null;null;21,4;null;3;
1961-01-15;null;null;0;null;null;20,6;null;2,333333;
1961-01-16;null;null;0;null;null;20,2;null;1,666667;
1961-01-17;null;null;17;null;null;19,8;null;1,666667;
1961-01-18;null;null;22,6;null;null;19,4;null;1;
1961-01-19;null;null;6,4;null;null;19,8;null;1;
1961-01-20;null;null;5,6;null;null;19,4;null;1;
1961-01-21;null;null;23,4;null;null;18,8;null;1,666667;
1961-01-22;null;null;0;null;null;19,4;null;2,666667;
1961-01-23;null;null;0;null;null;20;null;3;
1961-01-24;null;null;0;null;null;20,4;null;2,666667;
1961-01-25;null;null;0;null;null;19,4;null;2,666667;
1961-01-26;null;null;23;null;null;18,8;null;1,666667;
1961-01-27;null;null;5,8;null;null;18,6;null;1,366667;
1961-01-28;null;null;0;null;null;18,8;null;2;
1961-01-29;null;null;0;null;null;19,6;null;2,666667;
1961-01-30;null;null;16,4;null;null;19,6;null;1,333333;
1961-01-31;null;null;0;null;null;20;null;2,666667;
1961-02-01;null;null;5,8;null;null;19,6;null;2,666667;
1961-02-02;null;null;3,2;null;null;19,8;null;2,666667;
1961-02-03;null;null;0;null;null;20,4;null;3;
1961-02-04;null;null;16,8;null;null;18,8;null;,333333;
1961-02-05;null;null;31,2;null;null;18,4;null;,666667;
1961-02-06;null;null;13,4;null;null;18;null;,333333;
1961-02-07;null;null;12,2;null;null;19,4;null;1,333333;
1961-02-08;null;null;0;null;null;null;null;2;
1961-02-09;null;null;6,8;null;null;19,4;null;1,666667;
1961-02-10;null;null;0;null;null;19,8;null;3;
1961-02-11;null;null;0;null;null;20,4;null;3,666667;
1961-02-12;null;null;0;null;null;20;null;3;
1961-02-13;null;null;0;null;null;19,8;null;2;
1961-02-14;null;null;0;null;null;19,4;null;2;
1961-02-15;null;null;34,8;null;null;18,8;null;1;
1961-02-16;null;null;79,2;null;null;18;null;,666667;
1961-02-17;null;null;34,4;null;null;18,4;null;1,333333;
1961-02-18;null;null;41,8;null;null;17,6;null;1;
1961-02-19;null;null;90,6;null;null;17,8;null;2;
1961-02-20;null;null;161;null;null;17,8;null;1,666667;
1961-02-21;null;null;162,2;null;null;15,8;null;1,333333;
1961-02-22;null;null;176,8;null;null;16,4;null;1;
1961-02-23;null;null;57,8;null;null;16,8;null;,666667;
1961-02-24;null;null;37;null;null;16,2;null;,333333;
1961-02-25;null;null;5,4;null;null;17,2;null;1,333333;
1961-02-26;null;null;84,6;null;null;15,8;null;,333333;
1961-02-27;null;null;36;null;null;16,6;null;1,333333;
1961-02-28;null;null;21,4;null;null;17,8;null;1,333333;
1961-03-01;null;null;71,2;null;null;18,2;null;2,666667;
1961-03-02;null;null;18,6;null;null;18;null;1;
1961-03-03;null;null;0;null;null;19,6;null;2;
1961-03-04;null;null;0;null;null;19,8;null;2,666667;
1961-03-05;null;null;0;null;null;20,4;null;2,666667;
1961-03-06;null;null;0;null;null;20;null;2,666667;
1961-03-07;null;null;0;null;null;20,6;null;3;
1961-03-08;null;null;0;null;null;20,4;null;2,666667;
1961-03-09;null;null;0;null;null;20,6;null;3;
1961-03-10;null;null;8,6;null;null;20,8;null;2,666667;
1961-03-11;null;null;0;null;null;19,8;null;3;
1961-03-12;null;null;0;null;null;19,4;null;2,666667;
1961-03-13;null;null;101;null;null;18;null;1,333333;
1961-03-14;null;null;168,2;null;null;18,4;null;1;
1961-03-15;null;null;98,6;null;null;17,8;null;2;
1961-03-16;null;null;73,2;null;null;18,4;null;3;
1961-03-17;null;null;0;null;null;18,8;null;2,666667;
1961-03-18;null;null;0;null;null;18,6;null;3,666667;
1961-03-19;null;null;64,6;null;null;18,2;null;,666667;
1961-03-20;null;null;53;null;null;18,4;null;1;
1961-03-21;null;null;15;null;null;18,8;null;1,333333;
1961-03-22;null;null;0;null;null;19,4;null;2;
1961-03-23;null;null;0;null;null;19,8;null;2,666667;
1961-03-24;null;null;4,2;null;null;19,6;null;2;
1961-03-25;null;null;0;null;null;20,6;null;3;
1961-03-26;null;null;0;null;null;20,4;null;2,666667;
1961-03-27;null;null;12,6;null;null;19,8;null;1;
1961-03-28;null;null;52,4;null;null;20,6;null;1,333333;
1961-03-29;null;null;66,8;null;null;18,8;null;1;
1961-03-30;null;null;75,6;null;null;18,4;null;1,333333;
1961-03-31;null;null;69,8;null;null;18,6;null;1,666667;
1961-04-01;null;null;null;null;null;null;null;null;
1961-04-02;null;null;null;null;null;null;null;null;
1961-04-03;null;null;null;null;null;null;null;null;
1961-04-04;null;null;null;null;null;null;null;null;
1961-04-05;null;null;null;null;null;null;null;null;
1961-04-06;null;null;null;null;null;null;null;null;
1961-04-07;null;null;null;null;null;null;null;null;
1961-04-08;null;null;null;null;null;null;null;null;
1961-04-09;null;null;null;null;null;null;null;null;
1961-04-10;null;null;null;null;null;null;null;null;
1961-04-11;null;null;null;null;null;null;null;null;
1961-04-12;null;null;null;null;null;null;null;null;
1961-04-13;null;null;null;null;null;null;null;null;
1961-04-14;null;null;null;null;null;null;null;null;
1961-04-15;null;null;null;null;null;null;null;null;
1961-04-16;null;null;null;null;null;null;null;null;
1961-04-17;null;null;null;null;null;null;null;null;
1961-04-18;null;null;null;null;null;null;null;null;
1961-04-19;null;null;null;null;null;null;null;null;
1961-04-20;null;null;null;null;null;null;null;null;
1961-04-21;null;null;null;null;null;null;null;null;
1961-04-22;null;null;null;null;null;null;null;null;
1961-04-23;null;null;null;null;null;null;null;null;
1961-04-24;null;null;null;null;null;null;null;null;
1961-04-25;null;null;null;null;null;null;null;null;
1961-04-26;null;null;null;null;null;null;null;null;
1961-04-27;null;null;null;null;null;null;null;null;
1961-04-28;null;null;null;null;null;null;null;null;
1961-04-29;null;null;null;null;null;null;null;null;
1961-04-30;null;null;null;null;null;null;null;null;
1961-05-01;null;null;null;null;null;null;null;null;
1961-05-02;null;null;null;null;null;null;null;null;
1961-05-03;null;null;null;null;null;null;null;null;
1961-05-04;null;null;null;null;null;null;null;null;
1961-05-05;null;null;null;null;null;null;null;null;
1961-05-06;null;null;null;null;null;null;null;null;
1961-05-07;null;null;null;null;null;null;null;null;
1961-05-08;null;null;null;null;null;null;null;null;
1961-05-09;null;null;null;null;null;null;null;null;
1961-05-10;null;null;null;null;null;null;null;null;
1961-05-11;null;null;null;null;null;null;null;null;
1961-05-12;null;null;null;null;null;null;null;null;
1961-05-13;null;null;null;null;null;null;null;null;
1961-05-14;null;null;null;null;null;null;null;null;
1961-05-15;null;null;null;null;null;null;null;null;
1961-05-16;null;null;null;null;null;null;null;null;
1961-05-17;null;null;null;null;null;null;null;null;
1961-05-18;null;null;null;null;null;null;null;null;
1961-05-19;null;null;null;null;null;null;null;null;
1961-05-20;null;null;null;null;null;null;null;null;
1961-05-21;null;null;null;null;null;null;null;null;
1961-05-22;null;null;null;null;null;null;null;null;
1961-05-23;null;null;null;null;null;null;null;null;
1961-05-24;null;null;null;null;null;null;null;null;
1961-05-25;null;null;null;null;null;null;null;null;
1961-05-26;null;null;null;null;null;null;null;null;
1961-05-27;null;null;null;null;null;null;null;null;
1961-05-28;null;null;null;null;null;null;null;null;
1961-05-29;null;null;null;null;null;null;null;null;
1961-05-30;null;null;null;null;null;null;null;null;
1961-05-31;null;null;null;null;null;null;null;null;
1961-06-01;null;null;null;null;null;null;null;null;
1961-06-02;null;null;null;null;null;null;null;null;
1961-06-03;null;null;null;null;null;null;null;null;
1961-06-04;null;null;null;null;null;null;null;null;
1961-06-05;null;null;null;null;null;null;null;null;
1961-06-06;null;null;null;null;null;null;null;null;
1961-06-07;null;null;null;null;null;null;null;null;
1961-06-08;null;null;null;null;null;null;null;null;
1961-06-09;null;null;null;null;null;null;null;null;
1961-06-10;null;null;null;null;null;null;null;null;
1961-06-11;null;null;null;null;null;null;null;null;
1961-06-12;null;null;null;null;null;null;null;null;
1961-06-13;null;null;null;null;null;null;null;null;
1961-06-14;null;null;null;null;null;null;null;null;
1961-06-15;null;null;null;null;null;null;null;null;
1961-06-16;null;null;null;null;null;null;null;null;
1961-06-17;null;null;null;null;null;null;null;null;
1961-06-18;null;null;null;null;null;null;null;null;
1961-06-19;null;null;null;null;null;null;null;null;
1961-06-20;null;null;null;null;null;null;null;null;
1961-06-21;null;null;null;null;null;null;null;null;
1961-06-22;null;null;null;null;null;null;null;null;
1961-06-23;null;null;null;null;null;null;null;null;
1961-06-24;null;null;null;null;null;null;null;null;
1961-06-25;null;null;null;null;null;null;null;null;
1961-06-26;null;null;null;null;null;null;null;null;
1961-06-27;null;null;null;null;null;null;null;null;
1961-06-28;null;null;null;null;null;null;null;null;
1961-06-29;null;null;null;null;null;null;null;null;
1961-06-30;null;null;null;null;null;null;null;null;
1961-07-01;null;null;null;null;null;null;null;null;
1961-07-02;null;null;null;null;null;null;null;null;
1961-07-03;null;null;null;null;null;null;null;null;
1961-07-04;null;null;null;null;null;null;null;null;
1961-07-05;null;null;null;null;null;null;null;null;
1961-07-06;null;null;null;null;null;null;null;null;
1961-07-07;null;null;null;null;null;null;null;null;
1961-07-08;null;null;null;null;null;null;null;null;
1961-07-09;null;null;null;null;null;null;null;null;
1961-07-10;null;null;null;null;null;null;null;null;
1961-07-11;null;null;null;null;null;null;null;null;
1961-07-12;null;null;null;null;null;null;null;null;
1961-07-13;null;null;null;null;null;null;null;null;
1961-07-14;null;null;null;null;null;null;null;null;
1961-07-15;null;null;null;null;null;null;null;null;
1961-07-16;null;null;null;null;null;null;null;null;
1961-07-17;null;null;null;null;null;null;null;null;
1961-07-18;null;null;null;null;null;null;null;null;
1961-07-19;null;null;null;null;null;null;null;null;
1961-07-20;null;null;null;null;null;null;null;null;
1961-07-21;null;null;null;null;null;null;null;null;
1961-07-22;null;null;null;null;null;null;null;null;
1961-07-23;null;null;null;null;null;null;null;null;
1961-07-24;null;null;null;null;null;null;null;null;
1961-07-25;null;null;null;null;null;null;null;null;
1961-07-26;null;null;null;null;null;null;null;null;
1961-07-27;null;null;null;null;null;null;null;null;
1961-07-28;null;null;null;null;null;null;null;null;
1961-07-29;null;null;null;null;null;null;null;null;
1961-07-30;null;null;null;null;null;null;null;null;
1961-07-31;null;null;null;null;null;null;null;null;
1961-08-01;null;null;null;null;null;null;null;null;
1961-08-02;null;null;null;null;null;null;null;null;
1961-08-03;null;null;null;null;null;null;null;null;
1961-08-04;null;null;null;null;null;null;null;null;
1961-08-05;null;null;null;null;null;null;null;null;
1961-08-06;null;null;null;null;null;null;null;null;
1961-08-07;null;null;null;null;null;null;null;null;
1961-08-08;null;null;null;null;null;null;null;null;
1961-08-09;null;null;null;null;null;null;null;null;
1961-08-10;null;null;null;null;null;null;null;null;
1961-08-11;null;null;null;null;null;null;null;null;
1961-08-12;null;null;null;null;null;null;null;null;
1961-08-13;null;null;null;null;null;null;null;null;
1961-08-14;null;null;null;null;null;null;null;null;
1961-08-15;null;null;null;null;null;null;null;null;
1961-08-16;null;null;null;null;null;null;null;null;
1961-08-17;null;null;null;null;null;null;null;null;
1961-08-18;null;null;null;null;null;null;null;null;
1961-08-19;null;null;null;null;null;null;null;null;
1961-08-20;null;null;null;null;null;null;null;null;
1961-08-21;null;null;null;null;null;null;null;null;
1961-08-22;null;null;null;null;null;null;null;null;
1961-08-23;null;null;null;null;null;null;null;null;
1961-08-24;null;null;null;null;null;null;null;null;
1961-08-25;null;null;null;null;null;null;null;null;
1961-08-26;null;null;null;null;null;null;null;null;
1961-08-27;null;null;null;null;null;null;null;null;
1961-08-28;null;null;null;null;null;null;null;null;
1961-08-29;null;null;null;null;null;null;null;null;
1961-08-30;null;null;null;null;null;null;null;null;
1961-08-31;null;null;null;null;null;null;null;null;
1961-09-01;null;null;null;null;null;null;null;null;
1961-09-02;null;null;null;null;null;null;null;null;
1961-09-03;null;null;null;null;null;null;null;null;
1961-09-04;null;null;null;null;null;null;null;null;
1961-09-05;null;null;null;null;null;null;null;null;
1961-09-06;null;null;null;null;null;null;null;null;
1961-09-07;null;null;null;null;null;null;null;null;
1961-09-08;null;null;null;null;null;null;null;null;
1961-09-09;null;null;null;null;null;null;null;null;
1961-09-10;null;null;null;null;null;null;null;null;
1961-09-11;null;null;null;null;null;null;null;null;
1961-09-12;null;null;null;null;null;null;null;null;
1961-09-13;null;null;null;null;null;null;null;null;
1961-09-14;null;null;null;null;null;null;null;null;
1961-09-15;null;null;null;null;null;null;null;null;
1961-09-16;null;null;null;null;null;null;null;null;
1961-09-17;null;null;null;null;null;null;null;null;
1961-09-18;null;null;null;null;null;null;null;null;
1961-09-19;null;null;null;null;null;null;null;null;
1961-09-20;null;null;null;null;null;null;null;null;
1961-09-21;null;null;null;null;null;null;null;null;
1961-09-22;null;null;null;null;null;null;null;null;
1961-09-23;null;null;null;null;null;null;null;null;
1961-09-24;null;null;null;null;null;null;null;null;
1961-09-25;null;null;null;null;null;null;null;null;
1961-09-26;null;null;null;null;null;null;null;null;
1961-09-27;null;null;null;null;null;null;null;null;
1961-09-28;null;null;null;null;null;null;null;null;
1961-09-29;null;null;null;null;null;null;null;null;
1961-09-30;null;null;null;null;null;null;null;null;
1961-10-01;null;null;null;null;null;null;null;null;
1961-10-02;null;null;null;null;null;null;null;null;
1961-10-03;null;null;null;null;null;null;null;null;
1961-10-04;null;null;null;null;null;null;null;null;
1961-10-05;null;null;null;null;null;null;null;null;
1961-10-06;null;null;null;null;null;null;null;null;
1961-10-07;null;null;null;null;null;null;null;null;
1961-10-08;null;null;null;null;null;null;null;null;
1961-10-09;null;null;null;null;null;null;null;null;
1961-10-10;null;null;null;null;null;null;null;null;
1961-10-11;null;null;null;null;null;null;null;null;
1961-10-12;null;null;null;null;null;null;null;null;
1961-10-13;null;null;null;null;null;null;null;null;
1961-10-14;null;null;null;null;null;null;null;null;
1961-10-15;null;null;null;null;null;null;null;null;
1961-10-16;null;null;null;null;null;null;null;null;
1961-10-17;null;null;null;null;null;null;null;null;
1961-10-18;null;null;null;null;null;null;null;null;
1961-10-19;null;null;null;null;null;null;null;null;
1961-10-20;null;null;null;null;null;null;null;null;
1961-10-21;null;null;null;null;null;null;null;null;
1961-10-22;null;null;null;null;null;null;null;null;
1961-10-23;null;null;null;null;null;null;null;null;
1961-10-24;null;null;null;null;null;null;null;null;
1961-10-25;null;null;null;null;null;null;null;null;
1961-10-26;null;null;null;null;null;null;null;null;
1961-10-27;null;null;null;null;null;null;null;null;
1961-10-28;null;null;null;null;null;null;null;null;
1961-10-29;null;null;null;null;null;null;null;null;
1961-10-30;null;null;null;null;null;null;null;null;
1961-10-31;null;null;null;null;null;null;null;null;
1961-11-01;null;null;null;null;null;null;null;null;
1961-11-02;null;null;null;null;null;null;null;null;
1961-11-03;null;null;null;null;null;null;null;null;
1961-11-04;null;null;null;null;null;null;null;null;
1961-11-05;null;null;null;null;null;null;null;null;
1961-11-06;null;null;null;null;null;null;null;null;
1961-11-07;null;null;null;null;null;null;null;null;
1961-11-08;null;null;null;null;null;null;null;null;
1961-11-09;null;null;null;null;null;null;null;null;
1961-11-10;null;null;null;null;null;null;null;null;
1961-11-11;null;null;null;null;null;null;null;null;
1961-11-12;null;null;null;null;null;null;null;null;
1961-11-13;null;null;null;null;null;null;null;null;
1961-11-14;null;null;null;null;null;null;null;null;
1961-11-15;null;null;null;null;null;null;null;null;
1961-11-16;null;null;null;null;null;null;null;null;
1961-11-17;null;null;null;null;null;null;null;null;
1961-11-18;null;null;null;null;null;null;null;null;
1961-11-19;null;null;null;null;null;null;null;null;
1961-11-20;null;null;null;null;null;null;null;null;
1961-11-21;null;null;null;null;null;null;null;null;
1961-11-22;null;null;null;null;null;null;null;null;
1961-11-23;null;null;null;null;null;null;null;null;
1961-11-24;null;null;null;null;null;null;null;null;
1961-11-25;null;null;null;null;null;null;null;null;
1961-11-26;null;null;null;null;null;null;null;null;
1961-11-27;null;null;null;null;null;null;null;null;
1961-11-28;null;null;null;null;null;null;null;null;
1961-11-29;null;null;null;null;null;null;null;null;
1961-11-30;null;null;null;null;null;null;null;null;
1961-12-01;null;null;null;null;null;null;null;null;
1961-12-02;null;null;null;null;null;null;null;null;
1961-12-03;null;null;null;null;null;null;null;null;
1961-12-04;null;null;null;null;null;null;null;null;
1961-12-05;null;null;null;null;null;null;null;null;
1961-12-06;null;null;null;null;null;null;null;null;
1961-12-07;null;null;null;null;null;null;null;null;
1961-12-08;null;null;null;null;null;null;null;null;
1961-12-09;null;null;null;null;null;null;null;null;
1961-12-10;null;null;null;null;null;null;null;null;
1961-12-11;null;null;null;null;null;null;null;null;
1961-12-12;null;null;null;null;null;null;null;null;
1961-12-13;null;null;null;null;null;null;null;null;
1961-12-14;null;null;null;null;null;null;null;null;
1961-12-15;null;null;null;null;null;null;null;null;
1961-12-16;null;null;null;null;null;null;null;null;
1961-12-17;null;null;null;null;null;null;null;null;
1961-12-18;null;null;null;null;null;null;null;null;
1961-12-19;null;null;null;null;null;null;null;null;
1961-12-20;null;null;null;null;null;null;null;null;
1961-12-21;null;null;null;null;null;null;null;null;
1961-12-22;null;null;null;null;null;null;null;null;
1961-12-23;null;null;null;null;null;null;null;null;
1961-12-24;null;null;null;null;null;null;null;null;
1961-12-25;null;null;null;null;null;null;null;null;
1961-12-26;null;null;null;null;null;null;null;null;
1961-12-27;null;null;null;null;null;null;null;null;
1961-12-28;null;null;null;null;null;null;null;null;
1961-12-29;null;null;null;null;null;null;null;null;
1961-12-30;null;null;null;null;null;null;null;null;
1961-12-31;null;null;null;null;null;null;null;null;
1962-01-01;null;null;null;null;null;null;null;null;
1962-01-02;null;null;null;null;null;null;null;null;
1962-01-03;null;null;null;null;null;null;null;null;
1962-01-04;null;null;null;null;null;null;null;null;
1962-01-05;null;null;null;null;null;null;null;null;
1962-01-06;null;null;null;null;null;null;null;null;
1962-01-07;null;null;null;null;null;null;null;null;
1962-01-08;null;null;null;null;null;null;null;null;
1962-01-09;null;null;null;null;null;null;null;null;
1962-01-10;null;null;null;null;null;null;null;null;
1962-01-11;null;null;null;null;null;null;null;null;
1962-01-12;null;null;null;null;null;null;null;null;
1962-01-13;null;null;null;null;null;null;null;null;
1962-01-14;null;null;null;null;null;null;null;null;
1962-01-15;null;null;null;null;null;null;null;null;
1962-01-16;null;null;null;null;null;null;null;null;
1962-01-17;null;null;null;null;null;null;null;null;
1962-01-18;null;null;null;null;null;null;null;null;
1962-01-19;null;null;null;null;null;null;null;null;
1962-01-20;null;null;null;null;null;null;null;null;
1962-01-21;null;null;null;null;null;null;null;null;
1962-01-22;null;null;null;null;null;null;null;null;
1962-01-23;null;null;null;null;null;null;null;null;
1962-01-24;null;null;null;null;null;null;null;null;
1962-01-25;null;null;null;null;null;null;null;null;
1962-01-26;null;null;null;null;null;null;null;null;
1962-01-27;null;null;null;null;null;null;null;null;
1962-01-28;null;null;null;null;null;null;null;null;
1962-01-29;null;null;null;null;null;null;null;null;
1962-01-30;null;null;null;null;null;null;null;null;
1962-01-31;null;null;null;null;null;null;null;null;
1962-02-01;null;null;null;null;null;null;null;null;
1962-02-02;null;null;null;null;null;null;null;null;
1962-02-03;null;null;null;null;null;null;null;null;
1962-02-04;null;null;null;null;null;null;null;null;
1962-02-05;null;null;null;null;null;null;null;null;
1962-02-06;null;null;null;null;null;null;null;null;
1962-02-07;null;null;null;null;null;null;null;null;
1962-02-08;null;null;null;null;null;null;null;null;
1962-02-09;null;null;null;null;null;null;null;null;
1962-02-10;null;null;null;null;null;null;null;null;
1962-02-11;null;null;null;null;null;null;null;null;
1962-02-12;null;null;null;null;null;null;null;null;
1962-02-13;null;null;null;null;null;null;null;null;
1962-02-14;null;null;null;null;null;null;null;null;
1962-02-15;null;null;null;null;null;null;null;null;
1962-02-16;null;null;null;null;null;null;null;null;
1962-02-17;null;null;null;null;null;null;null;null;
1962-02-18;null;null;null;null;null;null;null;null;
1962-02-19;null;null;null;null;null;null;null;null;
1962-02-20;null;null;null;null;null;null;null;null;
1962-02-21;null;null;null;null;null;null;null;null;
1962-02-22;null;null;null;null;null;null;null;null;
1962-02-23;null;null;null;null;null;null;null;null;
1962-02-24;null;null;null;null;null;null;null;null;
1962-02-25;null;null;null;null;null;null;null;null;
1962-02-26;null;null;null;null;null;null;null;null;
1962-02-27;null;null;null;null;null;null;null;null;
1962-02-28;null;null;null;null;null;null;null;null;
1962-03-01;null;null;null;null;null;null;null;null;
1962-03-02;null;null;null;null;null;null;null;null;
1962-03-03;null;null;null;null;null;null;null;null;
1962-03-04;null;null;null;null;null;null;null;null;
1962-03-05;null;null;null;null;null;null;null;null;
1962-03-06;null;null;null;null;null;null;null;null;
1962-03-07;null;null;null;null;null;null;null;null;
1962-03-08;null;null;null;null;null;null;null;null;
1962-03-09;null;null;null;null;null;null;null;null;
1962-03-10;null;null;null;null;null;null;null;null;
1962-03-11;null;null;null;null;null;null;null;null;
1962-03-12;null;null;null;null;null;null;null;null;
1962-03-13;null;null;null;null;null;null;null;null;
1962-03-14;null;null;null;null;null;null;null;null;
1962-03-15;null;null;null;null;null;null;null;null;
1962-03-16;null;null;null;null;null;null;null;null;
1962-03-17;null;null;null;null;null;null;null;null;
1962-03-18;null;null;null;null;null;null;null;null;
1962-03-19;null;null;null;null;null;null;null;null;
1962-03-20;null;null;null;null;null;null;null;null;
1962-03-21;null;null;null;null;null;null;null;null;
1962-03-22;null;null;null;null;null;null;null;null;
1962-03-23;null;null;null;null;null;null;null;null;
1962-03-24;null;null;null;null;null;null;null;null;
1962-03-25;null;null;null;null;null;null;null;null;
1962-03-26;null;null;null;null;null;null;null;null;
1962-03-27;null;null;null;null;null;null;null;null;
1962-03-28;null;null;null;null;null;null;null;null;
1962-03-29;null;null;null;null;null;null;null;null;
1962-03-30;null;null;null;null;null;null;null;null;
1962-03-31;null;null;null;null;null;null;null;null;
1962-04-01;null;null;null;null;null;null;null;null;
1962-04-02;null;null;null;null;null;null;null;null;
1962-04-03;null;null;null;null;null;null;null;null;
1962-04-04;null;null;null;null;null;null;null;null;
1962-04-05;null;null;null;null;null;null;null;null;
1962-04-06;null;null;null;null;null;null;null;null;
1962-04-07;null;null;null;null;null;null;null;null;
1962-04-08;null;null;null;null;null;null;null;null;
1962-04-09;null;null;null;null;null;null;null;null;
1962-04-10;null;null;null;null;null;null;null;null;
1962-04-11;null;null;null;null;null;null;null;null;
1962-04-12;null;null;null;null;null;null;null;null;
1962-04-13;null;null;null;null;null;null;null;null;
1962-04-14;null;null;null;null;null;null;null;null;
1962-04-15;null;null;null;null;null;null;null;null;
1962-04-16;null;null;null;null;null;null;null;null;
1962-04-17;null;null;null;null;null;null;null;null;
1962-04-18;null;null;null;null;null;null;null;null;
1962-04-19;null;null;null;null;null;null;null;null;
1962-04-20;null;null;null;null;null;null;null;null;
1962-04-21;null;null;null;null;null;null;null;null;
1962-04-22;null;null;null;null;null;null;null;null;
1962-04-23;null;null;null;null;null;null;null;null;
1962-04-24;null;null;null;null;null;null;null;null;
1962-04-25;null;null;null;null;null;null;null;null;
1962-04-26;null;null;null;null;null;null;null;null;
1962-04-27;null;null;null;null;null;null;null;null;
1962-04-28;null;null;null;null;null;null;null;null;
1962-04-29;null;null;null;null;null;null;null;null;
1962-04-30;null;null;null;null;null;null;null;null;
1962-05-01;null;null;null;null;null;null;null;null;
1962-05-02;null;null;null;null;null;null;null;null;
1962-05-03;null;null;null;null;null;null;null;null;
1962-05-04;null;null;null;null;null;null;null;null;
1962-05-05;null;null;null;null;null;18,4;null;1,333333;
1962-05-06;null;null;null;null;null;18,6;null;,666667;
1962-05-07;null;null;null;null;null;19;null;2,333333;
1962-05-08;null;null;null;null;null;19,2;null;2;
1962-05-09;null;null;null;null;null;16,8;null;,666667;
1962-05-10;null;null;null;null;null;17,6;null;1,666667;
1962-05-11;null;null;null;null;null;18,4;null;2,666667;
1962-05-12;null;null;null;null;null;21,8;null;2;
1962-05-13;null;null;null;null;null;25,2;null;2,333333;
1962-05-14;null;null;null;null;null;25,6;null;1;
1962-05-15;null;null;null;null;null;23,8;null;2,666667;
1962-05-16;null;null;null;null;null;24,8;null;2,666667;
1962-05-17;null;null;null;null;null;23,8;null;1,333333;
1962-05-18;null;null;null;null;null;25,2;null;3,333333;
1962-05-19;null;null;null;null;null;24;null;1,333333;
1962-05-20;null;null;null;null;null;25,2;null;2;
1962-05-21;null;null;null;null;null;25,2;null;2;
1962-05-22;null;null;null;null;null;24,4;null;2,666667;
1962-05-23;null;null;null;null;null;25,4;null;1,333333;
1962-05-24;null;null;null;null;null;24;null;1;
1962-05-25;null;null;null;null;null;25,2;null;2;
1962-05-26;null;null;null;null;null;25,4;null;3;
1962-05-27;null;null;null;null;null;24,8;null;3;
1962-05-28;null;null;null;null;null;25;null;2,666667;
1962-05-29;null;null;null;null;null;24,8;null;1,666667;
1962-05-30;null;null;null;null;null;24;null;1;
1962-05-31;null;null;null;null;null;25;null;2;
1962-06-01;null;null;null;null;null;25,4;null;2;
1962-06-02;null;null;0;null;null;25,2;null;2,666667;
1962-06-03;null;null;3,4;null;null;24,8;null;1;
1962-06-04;null;null;0;null;null;25;null;1,666667;
1962-06-05;null;null;0;null;null;25,6;null;2;
1962-06-06;null;null;26,6;null;null;26,4;null;3;
1962-06-07;null;null;8,2;null;null;25,8;null;3;
1962-06-08;null;null;12,6;null;null;23,6;null;2,333333;
1962-06-09;null;null;0;null;null;25,2;null;2;
1962-06-10;null;null;0;null;null;25,4;null;2,666667;
1962-06-11;null;null;0;null;null;24,2;null;2,666667;
1962-06-12;null;null;0;null;null;25,4;null;2,333333;
1962-06-13;null;null;0;null;null;24,6;null;2,666667;
1962-06-14;null;null;6,4;null;null;25,4;null;2;
1962-06-15;null;null;0;null;null;25,4;null;2,666667;
1962-06-16;null;null;0;null;null;25,2;null;2;
1962-06-17;null;null;6,4;null;null;25,7;null;2,333333;
1962-06-18;null;null;0;null;null;25,2;null;2,333333;
1962-06-19;null;null;0;null;null;24,8;null;2,333333;
1962-06-20;null;null;0;null;null;25,2;null;3,333333;
1962-06-21;null;null;0;null;null;24,8;null;3;
1962-06-22;null;null;0;null;null;25,8;null;2,666667;
1962-06-23;null;null;0;null;null;25;null;2,666667;
1962-06-24;null;null;0;null;null;24,5;null;1,666667;
1962-06-25;null;null;0;null;null;25,2;null;2,666667;
1962-06-26;null;null;0;null;null;25,2;null;2;
1962-06-27;null;null;0;null;null;25;null;2,333333;
1962-06-28;null;null;0;null;null;25,4;null;2,333333;
1962-06-29;null;null;0;null;null;24,8;null;2;
1962-06-30;null;null;0;null;null;25,4;null;2,333333;
1962-07-01;null;null;0;null;null;24,6;null;2,666667;
1962-07-02;null;null;0;null;null;25,2;null;2,666667;
1962-07-03;null;null;0;null;null;24,8;null;1,333333;
1962-07-04;null;null;6,8;null;null;24;null;2,666667;
1962-07-05;null;null;0;null;null;24,6;null;2,666667;
1962-07-06;null;null;0;null;null;25,2;null;3,333333;
1962-07-07;null;null;0;null;null;25,6;null;2,666667;
1962-07-08;null;null;0;null;null;25,2;null;2;
1962-07-09;null;null;0;null;null;25,6;null;3;
1962-07-10;null;null;0;null;null;25,2;null;2,333333;
1962-07-11;null;null;0;null;null;25,4;null;2,666667;
1962-07-12;null;null;0;null;null;25,2;null;2,666667;
1962-07-13;null;null;0;null;null;24;null;1,333333;
1962-07-14;null;null;5,8;null;null;24,8;null;1,333333;
1962-07-15;null;null;0;null;null;25,2;null;2,333333;
1962-07-16;null;null;0;null;null;25,6;null;2,666667;
1962-07-17;null;null;0;null;null;25,4;null;2,333333;
1962-07-18;null;null;0;null;null;25;null;2;
1962-07-19;null;null;0;null;null;25,2;null;2,333333;
1962-07-20;null;null;0;null;null;25;null;2,333333;
1962-07-21;null;null;0;null;null;25,4;null;2,333333;
1962-07-22;null;null;0;null;null;25,6;null;3;
1962-07-23;null;null;0;null;null;25;null;2,333333;
1962-07-24;null;null;0;null;null;25,4;null;3,333333;
1962-07-25;null;null;0;null;null;25,6;null;2;
1962-07-26;null;null;0;null;null;25;null;2,333333;
1962-07-27;null;null;0;null;null;24,8;null;2,333333;
1962-07-28;null;null;0;null;null;25;null;2,666667;
1962-07-29;null;null;0;null;null;24;null;1,666667;
1962-07-30;null;null;8,6;null;null;23,6;null;1,666667;
1962-07-31;null;null;4,8;null;null;23;null;1,333333;
1962-08-01;null;null;0;null;null;25;null;2,333333;
1962-08-02;null;null;0;null;null;25,2;null;2,666667;
1962-08-03;null;null;0;null;null;25,4;null;2,333333;
1962-08-04;null;null;0;null;null;25,8;null;3,333333;
1962-08-05;null;null;0;null;null;25;null;2;
1962-08-06;null;null;0;null;null;24,8;null;2;
1962-08-07;null;null;0;null;null;25,2;null;2,333333;
1962-08-08;null;null;0;null;null;25;null;2;
1962-08-09;null;null;0;null;null;24;null;2;
1962-08-10;null;null;0;null;null;25;null;2;
1962-08-11;null;null;0;null;null;25,2;null;2,666667;
1962-08-12;null;null;0;null;null;25,4;null;2,666667;
1962-08-13;null;null;0;null;null;25;null;2;
1962-08-14;null;null;0;null;null;24,8;null;2,666667;
1962-08-15;null;null;0;null;null;25,2;null;2,666667;
1962-08-16;null;null;0;null;null;24,5;null;2,666667;
1962-08-17;null;null;15,2;null;null;null;null;1,333333;
1962-08-18;null;null;0;null;null;25;null;2;
1962-08-19;null;null;0;null;null;25,4;null;3;
1962-08-20;null;null;0;null;null;25,2;null;2,666667;
1962-08-21;null;null;0;null;null;25,6;null;3,666667;
1962-08-22;null;null;0;null;null;25,4;null;2,666667;
1962-08-23;null;null;0;null;null;25;null;2;
1962-08-24;null;null;0;null;null;25;null;2,666667;
1962-08-25;null;null;0;null;null;25,4;null;2,666667;
1962-08-26;null;null;0;null;null;24,6;null;2;
1962-08-27;null;null;0;null;null;24;null;,666667;
1962-08-28;null;null;9,6;null;null;24,6;null;1,333333;
1962-08-29;null;null;0;null;null;25;null;2;
1962-08-30;null;null;0;null;null;25,2;null;3,333333;
1962-08-31;null;null;0;null;null;26,6;null;2,333333;
1962-09-01;null;null;0;null;null;26;null;3,666667;
1962-09-02;null;null;0;null;null;26,4;null;3,666667;
1962-09-03;null;null;0;null;null;26,2;null;3,666667;
1962-09-04;null;null;0;null;null;26,6;null;3,666667;
1962-09-05;null;null;0;null;null;26,8;null;3,666667;
1962-09-06;null;null;0;null;null;26,6;null;3,666667;
1962-09-07;null;null;0;null;null;26,4;null;3,666667;
1962-09-08;null;null;0;null;null;27;null;4;
1962-09-09;null;null;0;null;null;26,8;null;4;
1962-09-10;null;null;0;null;null;27,2;null;4;
1962-09-11;null;null;0;null;null;26,8;null;3,666667;
1962-09-12;null;null;0;null;null;27;null;4;
1962-09-13;null;null;0;null;null;27,4;null;3,666667;
1962-09-14;null;null;0;null;null;26,4;null;2,666667;
1962-09-15;null;null;0;null;null;26,8;null;3,333333;
1962-09-16;null;null;0;null;null;26;null;1,333333;
1962-09-17;null;null;0;null;null;26,4;null;2,666667;
1962-09-18;null;null;0;null;null;26,8;null;4;
1962-09-19;null;null;0;null;null;27,2;null;4;
1962-09-20;null;null;0;null;null;26,8;null;3,666667;
1962-09-21;null;null;0;null;null;27;null;4;
1962-09-22;null;null;0;null;null;27,4;null;4;
1962-09-23;null;null;0;null;null;27,2;null;4;
1962-09-24;null;null;0;null;null;27;null;3,666667;
1962-09-25;null;null;0;null;null;27,2;null;4;
1962-09-26;null;null;0;null;null;27,2;null;4;
1962-09-27;null;null;0;null;null;26,8;null;3;
1962-09-28;null;null;0;null;null;26,4;null;2,333333;
1962-09-29;null;null;0;null;null;27;null;2,666667;
1962-09-30;null;null;0;null;null;26,8;null;2,666667;
1962-10-01;null;null;0;null;null;26,6;null;2,666667;
1962-10-02;null;null;0;null;null;27;null;3,666667;
1962-10-03;null;null;0;null;null;27,2;null;3;
1962-10-04;null;null;0;null;null;26,4;null;2,333333;
1962-10-05;null;null;0;null;null;26,8;null;3,666667;
1962-10-06;null;null;0;null;null;27,2;null;2,666667;
1962-10-07;null;null;0;null;null;27;null;3,666667;
1962-10-08;null;null;0;null;null;26,6;null;2,333333;
1962-10-09;null;null;0;null;null;26,8;null;2,666667;
1962-10-10;null;null;0;null;null;27,2;null;3,333333;
1962-10-11;null;null;0;null;null;27,4;null;3,333333;
1962-10-12;null;null;0;null;null;27;null;3,333333;
1962-10-13;null;null;0;null;null;26,6;null;2,666667;
1962-10-14;null;null;0;null;null;26;null;2;
1962-10-15;null;null;0;null;null;26,2;null;2,666667;
1962-10-16;null;null;0;null;null;26,6;null;2,666667;
1962-10-17;null;null;0;null;null;26;null;3;
1962-10-18;null;null;6,8;null;null;25,8;null;1,333333;
1962-10-19;null;null;0;null;null;26;null;3,666667;
1962-10-20;null;null;0;null;null;26,4;null;3,666667;
1962-10-21;null;null;0;null;null;26,8;null;3,666667;
1962-10-22;null;null;0;null;null;27,2;null;3;
1962-10-23;null;null;0;null;null;27,6;null;2;
1962-10-24;null;null;0;null;null;27,2;null;2,666667;
1962-10-25;null;null;0;null;null;27;null;2;
1962-10-26;null;null;0;null;null;26,6;null;2;
1962-10-27;null;null;0;null;null;26;null;1,333333;
1962-10-28;null;null;0;null;null;26,2;null;2;
1962-10-29;null;null;0;null;null;26,4;null;2,666667;
1962-10-30;null;null;0;null;null;27;null;3,333333;
1962-10-31;null;null;0;null;null;26,6;null;2;
1962-11-01;null;null;0;null;null;26,2;null;2,666667;
1962-11-02;null;null;0;null;null;26;null;2,666667;
1962-11-03;null;null;0;null;null;25,6;null;2;
1962-11-04;null;null;0;null;null;25,8;null;3,666667;
1962-11-05;null;null;0;null;null;26,2;null;2,333333;
1962-11-06;null;null;0;null;null;26,8;null;2;
1962-11-07;null;null;0;null;null;27;null;3,666667;
1962-11-08;null;null;0;null;null;27,4;null;3,666667;
1962-11-09;null;null;0;null;null;26,8;null;2,666667;
1962-11-10;null;null;0;null;null;26,4;null;2,333333;
1962-11-11;null;null;0;null;null;26;null;2;
1962-11-12;null;null;0;null;null;25,6;null;2;
1962-11-13;null;null;0;null;null;25,4;null;2,333333;
1962-11-14;null;null;0;null;null;25,8;null;2,666667;
1962-11-15;null;null;0;null;null;26,2;null;3,666667;
1962-11-16;null;null;0;null;null;26,6;null;3;
1962-11-17;null;null;0;null;null;27,2;null;3,333333;
1962-11-18;null;null;0;null;null;27;null;3,666667;
1962-11-19;null;null;0;null;null;26,4;null;2,333333;
1962-11-20;null;null;0;null;null;25,2;null;2;
1962-11-21;null;null;0;null;null;25;null;1,333333;
1962-11-22;null;null;0;null;null;24,6;null;2;
1962-11-23;null;null;128,6;null;null;23,8;null;1,333333;
1962-11-24;null;null;4,1;null;null;21,6;null;1,666667;
1962-11-25;null;null;1,5;null;null;24;null;2;
1962-11-26;null;null;0;null;null;25,2;null;2,666667;
1962-11-27;null;null;0;null;null;25,4;null;2,666667;
1962-11-28;null;null;0;null;null;25,4;null;2,666667;
1962-11-29;null;null;0;null;null;25,8;null;3;
1962-11-30;null;null;0;null;null;26;null;3;
1962-12-01;null;null;0;null;null;26,4;null;3;
1962-12-02;null;null;0;null;null;26,2;null;2,666667;
1962-12-03;null;null;0;null;null;26,4;null;3,666667;
1962-12-04;null;null;0;null;null;26,6;null;3,333333;
1962-12-05;null;null;0;null;null;26,2;null;2,333333;
1962-12-06;null;null;0;null;null;25,8;null;2,333333;
1962-12-07;null;null;0;null;null;26,2;null;2,666667;
1962-12-08;null;null;0;null;null;26,6;null;3,333333;
1962-12-09;null;null;0;null;null;26,4;null;2,666667;
1962-12-10;null;null;0;null;null;26;null;2,333333;
1962-12-11;null;null;0;null;null;25,8;null;3;
1962-12-12;null;null;0;null;null;26,2;null;2,666667;
1962-12-13;null;null;0;null;null;26;null;3;
1962-12-14;null;null;0;null;null;25,6;null;2,666667;
1962-12-15;null;null;0;null;null;25,8;null;2,333333;
1962-12-16;null;null;0;null;null;26,2;null;2,666667;
1962-12-17;null;null;0;null;null;26,6;null;1,666667;
1962-12-18;null;null;0;null;null;26,4;null;2;
1962-12-19;null;null;0;null;null;26,8;null;1,666667;
1962-12-20;null;null;0;null;null;27;null;2,333333;
1962-12-21;null;null;0;null;null;26,8;null;3;
1962-12-22;null;null;0;null;null;26,4;null;3,666667;
1962-12-23;null;null;0;null;null;26;null;2,333333;
1962-12-24;null;null;0;null;null;25,6;null;1,666667;
1962-12-25;null;null;0;null;null;25,4;null;1;
1962-12-26;null;null;12,2;null;null;25;null;1,666667;
1962-12-27;null;null;0;null;null;25,4;null;2;
1962-12-28;null;null;0;null;null;25,2;null;2,666667;
1962-12-29;null;null;6,2;null;null;25,8;null;2,333333;
1962-12-30;null;null;0;null;null;26;null;2;
1962-12-31;null;null;0;null;null;26,4;null;2,666667;
1963-01-01;null;null;0;null;null;26,2;null;3,333333;
1963-01-02;null;null;0;null;null;26,6;null;3;
1963-01-03;null;null;0;null;null;26;null;1,666667;
1963-01-04;null;null;0;null;null;25,6;null;1,333333;
1963-01-05;null;null;0;null;null;25,4;null;2;
1963-01-06;null;null;0;null;null;25;null;1;
1963-01-07;null;null;0;null;null;25,2;null;2;
1963-01-08;null;null;0;null;null;25,4;null;2,666667;
1963-01-09;null;null;0;null;null;25,6;null;3;
1963-01-10;null;null;0;null;null;25,2;null;2,666667;
1963-01-11;null;null;0;null;null;25,4;null;2,666667;
1963-01-12;null;null;0;null;null;25,6;null;2,666667;
1963-01-13;null;null;0;null;null;25,2;null;1,666667;
1963-01-14;null;null;0;null;null;25;null;1,666667;
1963-01-15;null;null;0;null;null;24,6;null;1,666667;
1963-01-16;null;null;8,2;null;null;24;null;1,666667;
1963-01-17;null;null;16;null;null;24,4;null;1;
1963-01-18;null;null;0;null;null;24,8;null;2;
1963-01-19;null;null;0;null;null;25;null;2;
1963-01-20;null;null;0;null;null;25,2;null;2;
1963-01-21;null;null;0;null;null;25,4;null;2,666667;
1963-01-22;null;null;0;null;null;25,6;null;3;
1963-01-23;null;null;0;null;null;25,8;null;2,333333;
1963-01-24;null;null;11,4;null;null;23,6;null;1;
1963-01-25;null;null;7,2;null;null;24;null;1;
1963-01-26;null;null;0;null;null;24,8;null;2;
1963-01-27;null;null;0;null;null;25,2;null;2;
1963-01-28;null;null;0;null;null;25,2;null;3;
1963-01-29;null;null;0;null;null;25;null;1,666667;
1963-01-30;null;null;5,6;null;null;24,2;null;1;
1963-01-31;null;null;0;null;null;24,8;null;2;
1963-02-01;null;null;0;null;null;25;null;2;
1963-02-02;null;null;0;null;null;25,4;null;2,333333;
1963-02-03;null;null;1,8;null;null;25,2;null;1;
1963-02-04;null;null;0;null;null;24,8;null;1,666667;
1963-02-05;null;null;11,8;null;null;24,4;null;1,333333;
1963-02-06;null;null;0;null;null;25,2;null;2,666667;
1963-02-07;null;null;0;null;null;25,6;null;2;
1963-02-08;null;null;0;null;null;25;null;2;
1963-02-09;null;null;0;null;null;25,4;null;1,666667;
1963-02-10;null;null;15,2;null;null;24,2;null;1,333333;
1963-02-11;null;null;0;null;null;24,8;null;2;
1963-02-12;null;null;0;null;null;25,2;null;2;
1963-02-13;null;null;0;null;null;25;null;,666667;
1963-02-14;null;null;14,2;null;null;24,4;null;,666667;
1963-02-15;null;null;21;null;null;23,8;null;1;
1963-02-16;null;null;32,2;null;null;23,2;null;1,333333;
1963-02-17;null;null;21;null;null;24;null;1;
1963-02-18;null;null;0;null;null;25,2;null;2;
1963-02-19;null;null;9,6;null;null;25;null;1,333333;
1963-02-20;null;null;0;null;null;25,4;null;2;
1963-02-21;null;null;0;null;null;25,2;null;2;
1963-02-22;null;null;0;null;null;25,6;null;2;
1963-02-23;null;null;7,8;null;null;25;null;1,666667;
1963-02-24;null;null;15,8;null;null;24,8;null;2;
1963-02-25;null;null;8,4;null;null;25;null;2;
1963-02-26;null;null;4,6;null;null;24,2;null;1,666667;
1963-02-27;null;null;38;null;null;23,6;null;1;
1963-02-28;null;null;4,8;null;null;24,6;null;2,666667;
1963-03-01;null;null;0;null;null;25,6;null;2;
1963-03-02;null;null;0;null;null;25;null;1,333333;
1963-03-03;null;null;4,4;null;null;24,8;null;1,333333;
1963-03-04;null;null;3,2;null;null;25;null;1,666667;
1963-03-05;null;null;0;null;null;25,4;null;2;
1963-03-06;null;null;0;null;null;25,8;null;2,333333;
1963-03-07;null;null;0;null;null;25,4;null;1,666667;
1963-03-08;null;null;2,9;null;null;25;null;,666667;
1963-03-09;null;null;1,3;null;null;24,6;null;1,333333;
1963-03-10;null;null;0;null;null;24;null;,666667;
1963-03-11;null;null;5,8;null;null;24,2;null;,666667;
1963-03-12;null;null;0;null;null;23,8;null;1;
1963-03-13;null;null;22,8;null;null;23,6;null;1,666667;
1963-03-14;null;null;21,6;null;null;24;null;,666667;
1963-03-15;null;null;0;null;null;23,6;null;1,333333;
1963-03-16;null;null;8,4;null;null;23,6;null;,666667;
1963-03-17;null;null;0;null;null;24;null;2;
1963-03-18;null;null;0;null;null;25,2;null;2;
1963-03-19;null;null;0;null;null;25;null;1,666667;
1963-03-20;null;null;6;null;null;24,8;null;,666667;
1963-03-21;null;null;0;null;null;24,2;null;1;
1963-03-22;null;null;13;null;null;24;null;,666667;
1963-03-23;null;null;5,4;null;null;23,6;null;1;
1963-03-24;null;null;7,3;null;null;23,2;null;,666667;
1963-03-25;null;null;0;null;null;24;null;1,666667;
1963-03-26;null;null;12;null;null;25,2;null;1,666667;
1963-03-27;null;null;1,5;null;null;25;null;1,666667;
1963-03-28;null;null;0;null;null;24,6;null;1,333333;
1963-03-29;null;null;2,2;null;null;24,8;null;,666667;
1963-03-30;null;null;3,4;null;null;24,4;null;1,333333;
1963-03-31;null;null;0;null;null;25,2;null;1,666667;
1963-04-01;null;null;0;null;null;24,8;null;1,666667;
1963-04-02;null;null;0;null;null;25;null;1,666667;
1963-04-03;null;null;4,6;null;null;24,6;null;,666667;
1963-04-04;null;null;1,8;null;null;24;null;1,333333;
1963-04-05;null;null;0;null;null;24,4;null;1,666667;
1963-04-06;null;null;0;null;null;24;null;1;
1963-04-07;null;null;11,2;null;null;24,2;null;,666667;
1963-04-08;null;null;0;null;null;25,2;null;2;
1963-04-09;null;null;0;null;null;25,4;null;2;
1963-04-10;null;null;0;null;null;25,4;null;2,333333;
1963-04-11;null;null;8,2;null;null;25;null;,666667;
1963-04-12;null;null;4,8;null;null;24,2;null;1;
1963-04-13;null;null;1,4;null;null;24,8;null;1,666667;
1963-04-14;null;null;0;null;null;25;null;1,666667;
1963-04-15;null;null;0;null;null;25,2;null;1,666667;
1963-04-16;null;null;0;null;null;25;null;1,666667;
1963-04-17;null;null;0;null;null;24,6;null;1,333333;
1963-04-18;null;null;12,4;null;null;24;null;,666667;
1963-04-19;null;null;0;null;null;24,6;null;1,333333;
1963-04-20;null;null;0;null;null;25,4;null;1,666667;
1963-04-21;null;null;0;null;null;25,8;null;2,333333;
1963-04-22;null;null;0;null;null;25,4;null;2;
1963-04-23;null;null;0;null;null;25,6;null;1,333333;
1963-04-24;null;null;0;null;null;25;null;1,333333;
1963-04-25;null;null;26;null;null;24,6;null;,666667;
1963-04-26;null;null;6,2;null;null;24;null;1;
1963-04-27;null;null;0;null;null;23,8;null;,666667;
1963-04-28;null;null;0;null;null;24,2;null;1,666667;
1963-04-29;null;null;0;null;null;25,4;null;2;
1963-04-30;null;null;0;null;null;25,6;null;2;
1963-05-01;null;null;0;null;null;25,4;null;2;
1963-05-02;null;null;0;null;null;25,2;null;2;
1963-05-03;null;null;0;null;null;25,2;null;1;
1963-05-04;null;null;8,2;null;null;24,8;null;,333333;
1963-05-05;null;null;12;null;null;24,4;null;1;
1963-05-06;null;null;11,6;null;null;23,8;null;,666667;
1963-05-07;null;null;2,2;null;null;24,6;null;1;
1963-05-08;null;null;0;null;null;25,2;null;2;
1963-05-09;null;null;0;null;null;25,4;null;2;
1963-05-10;null;null;0;null;null;25,6;null;1,666667;
1963-05-11;null;null;0;null;null;25,2;null;1,333333;
1963-05-12;null;null;16,4;null;null;25;null;,666667;
1963-05-13;null;null;6,2;null;null;24,8;null;1;
1963-05-14;null;null;3,8;null;null;25,2;null;1,666667;
1963-05-15;null;null;0;null;null;25,4;null;2;
1963-05-16;null;null;0;null;null;25,2;null;2;
1963-05-17;null;null;0;null;null;25,6;null;2;
1963-05-18;null;null;0;null;null;25;null;1,333333;
1963-05-19;null;null;4,4;null;null;25,2;null;1,333333;
1963-05-20;null;null;0;null;null;25;null;,666667;
1963-05-21;null;null;0;null;null;24,8;null;,666667;
1963-05-22;null;null;5,6;null;null;25;null;1;
1963-05-23;null;null;4,6;null;null;25,2;null;1;
1963-05-24;null;null;0;null;null;24,8;null;,666667;
1963-05-25;null;null;0;null;null;25,2;null;,666667;
1963-05-26;null;null;9,2;null;null;25;null;1;
1963-05-27;null;null;0;null;null;25,4;null;1,333333;
1963-05-28;null;null;0;null;null;25,2;null;,666667;
1963-05-29;null;null;7,4;null;null;25;null;1;
1963-05-30;null;null;0;null;null;24,8;null;,666667;
1963-05-31;null;null;0;null;null;25;null;1,666667;
1963-06-01;null;null;0;null;null;25,4;null;2;
1963-06-02;null;null;0;null;null;25,2;null;2;
1963-06-03;null;null;0;null;null;25,6;null;2,333333;
1963-06-04;null;null;0;null;null;25,2;null;1,333333;
1963-06-05;null;null;3,8;null;null;25;null;1,333333;
1963-06-06;null;null;0;null;null;25,4;null;2;
1963-06-07;null;null;0;null;null;25,6;null;2,333333;
1963-06-08;null;null;0;null;null;25,2;null;,666667;
1963-06-09;null;null;6,8;null;null;24,8;null;,666667;
1963-06-10;null;null;0;null;null;25;null;1;
1963-06-11;null;null;0;null;null;25,4;null;2;
1963-06-12;null;null;0;null;null;25,6;null;1,666667;
1963-06-13;null;null;0;null;null;25;null;2,333333;
1963-06-14;null;null;0;null;null;25,4;null;1,666667;
1963-06-15;null;null;3,4;null;null;25;null;1,666667;
1963-06-16;null;null;1,2;null;null;24,8;null;1;
1963-06-17;null;null;2,6;null;null;25;null;,666667;
1963-06-18;null;null;0;null;null;25,2;null;1,666667;
1963-06-19;null;null;0;null;null;25,6;null;2;
1963-06-20;null;null;0;null;null;25,4;null;2,333333;
1963-06-21;null;null;0;null;null;25,8;null;2,666667;
1963-06-22;null;null;0;null;null;25,6;null;2;
1963-06-23;null;null;0;null;null;25,2;null;1,666667;
1963-06-24;null;null;0;null;null;25;null;1;
1963-06-25;null;null;0;null;null;25,4;null;1,333333;
1963-06-26;null;null;0;null;null;25,2;null;1,666667;
1963-06-27;null;null;0;null;null;25,4;null;2;
1963-06-28;null;null;0;null;null;25,4;null;1,666667;
1963-06-29;null;null;0;null;null;25,6;null;2,333333;
1963-06-30;null;null;0;null;null;25,2;null;1,666667;
1963-07-01;null;null;null;null;null;null;null;null;
1963-07-02;null;null;null;null;null;null;null;null;
1963-07-03;null;null;null;null;null;null;null;null;
1963-07-04;null;null;null;null;null;null;null;null;
1963-07-05;null;null;null;null;null;null;null;null;
1963-07-06;null;null;null;null;null;null;null;null;
1963-07-07;null;null;null;null;null;null;null;null;
1963-07-08;null;null;null;null;null;null;null;null;
1963-07-09;null;null;null;null;null;null;null;null;
1963-07-10;null;null;null;null;null;null;null;null;
1963-07-11;null;null;null;null;null;null;null;null;
1963-07-12;null;null;null;null;null;null;null;null;
1963-07-13;null;null;null;null;null;null;null;null;
1963-07-14;null;null;null;null;null;null;null;null;
1963-07-15;null;null;null;null;null;null;null;null;
1963-07-16;null;null;null;null;null;null;null;null;
1963-07-17;null;null;null;null;null;null;null;null;
1963-07-18;null;null;null;null;null;null;null;null;
1963-07-19;null;null;null;null;null;null;null;null;
1963-07-20;null;null;null;null;null;null;null;null;
1963-07-21;null;null;null;null;null;null;null;null;
1963-07-22;null;null;null;null;null;null;null;null;
1963-07-23;null;null;null;null;null;null;null;null;
1963-07-24;null;null;null;null;null;null;null;null;
1963-07-25;null;null;null;null;null;null;null;null;
1963-07-26;null;null;null;null;null;null;null;null;
1963-07-27;null;null;null;null;null;null;null;null;
1963-07-28;null;null;null;null;null;null;null;null;
1963-07-29;null;null;null;null;null;null;null;null;
1963-07-30;null;null;null;null;null;null;null;null;
1963-07-31;null;null;null;null;null;null;null;null;
1963-08-01;null;null;null;null;null;26;null;2;
1963-08-02;null;null;0;null;null;26,4;null;1,666667;
1963-08-03;null;null;0;null;null;26,6;null;1,333333;
1963-08-04;null;null;9,2;null;null;26,2;null;1,333333;
1963-08-05;null;null;0;null;null;26,6;null;1,666667;
1963-08-06;null;null;0;null;null;26,8;null;2;
1963-08-07;null;null;0;null;null;26,2;null;1,666667;
1963-08-08;null;null;0;null;null;25,4;null;,666667;
1963-08-09;null;null;0;null;null;26;null;2;
1963-08-10;null;null;0;null;null;26,2;null;2,666667;
1963-08-11;null;null;0;null;null;26;null;2;
1963-08-12;null;null;0;null;null;26,4;null;3;
1963-08-13;null;null;0;null;null;26,8;null;3,666667;
1963-08-14;null;null;0;null;null;26;null;2;
1963-08-15;null;null;0;null;null;25,6;null;1,666667;
1963-08-16;null;null;0;null;null;25,8;null;2,333333;
1963-08-17;null;null;0;null;null;26,2;null;2,666667;
1963-08-18;null;null;0;null;null;26,6;null;2;
1963-08-19;null;null;0;null;null;26;null;1,666667;
1963-08-20;null;null;0;null;null;25,8;null;2,333333;
1963-08-21;null;null;0;null;null;26,4;null;2,666667;
1963-08-22;null;null;0;null;null;26;null;2;
1963-08-23;null;null;0;null;null;26,4;null;2;
1963-08-24;null;null;0;null;null;26,8;null;2,666667;
1963-08-25;null;null;0;null;null;26,4;null;2,333333;
1963-08-26;null;null;0;null;null;26,2;null;2,666667;
1963-08-27;null;null;0;null;null;26,6;null;3,333333;
1963-08-28;null;null;0;null;null;26,2;null;3,333333;
1963-08-29;null;null;0;null;null;26,8;null;3,666667;
1963-08-30;null;null;0;null;null;26,4;null;2,666667;
1963-08-31;null;null;0;null;null;26,6;null;2,333333;
1963-09-01;null;null;0;null;null;26,6;null;4;
1963-09-02;null;null;0;null;null;26,2;null;3,666667;
1963-09-03;null;null;0;null;null;25,8;null;3;
1963-09-04;null;null;0;null;null;25,4;null;2,666667;
1963-09-05;null;null;0;null;null;25,8;null;3,666667;
1963-09-06;null;null;0;null;null;26,2;null;3,666667;
1963-09-07;null;null;0;null;null;26,6;null;4;
1963-09-08;null;null;0;null;null;26,8;null;2,666667;
1963-09-09;null;null;0;null;null;26,4;null;2,666667;
1963-09-10;null;null;0;null;null;26;null;3;
1963-09-11;null;null;0;null;null;25,8;null;2;
1963-09-12;null;null;0;null;null;26,6;null;3;
1963-09-13;null;null;0;null;null;26,4;null;2,333333;
1963-09-14;null;null;0;null;null;26;null;3,666667;
1963-09-15;null;null;0;null;null;26,6;null;3,666667;
1963-09-16;null;null;0;null;null;26,2;null;2;
1963-09-17;null;null;0;null;null;25,8;null;2,333333;
1963-09-18;null;null;0;null;null;26;null;3,666667;
1963-09-19;null;null;0;null;null;26,6;null;4;
1963-09-20;null;null;0;null;null;26,4;null;3,333333;
1963-09-21;null;null;0;null;null;26,2;null;4;
1963-09-22;null;null;0;null;null;25,6;null;2,333333;
1963-09-23;null;null;0;null;null;26,2;null;3;
1963-09-24;null;null;0;null;null;26;null;2;
1963-09-25;null;null;0;null;null;26,4;null;2,666667;
1963-09-26;null;null;0;null;null;26,6;null;3,666667;
1963-09-27;null;null;0;null;null;26,2;null;2;
1963-09-28;null;null;0;null;null;26,4;null;2,666667;
1963-09-29;null;null;0;null;null;25,8;null;2,666667;
1963-09-30;null;null;0;null;null;26,4;null;3,666667;
1963-10-01;null;null;0;null;null;26,8;null;2,333333;
1963-10-02;null;null;0;null;null;27,2;null;2,666667;
1963-10-03;null;null;0;null;null;27;null;2;
1963-10-04;null;null;0;null;null;27,6;null;3;
1963-10-05;null;null;0;null;null;27,4;null;2,666667;
1963-10-06;null;null;0;null;null;26,8;null;2,333333;
1963-10-07;null;null;0;null;null;26,4;null;2,333333;
1963-10-08;null;null;0;null;null;26,8;null;2,666667;
1963-10-09;null;null;0;null;null;27,2;null;3,333333;
1963-10-10;null;null;0;null;null;27,6;null;3;
1963-10-11;null;null;0;null;null;27,4;null;3;
1963-10-12;null;null;0;null;null;27;null;2,666667;
1963-10-13;null;null;0;null;null;26,6;null;2,666667;
1963-10-14;null;null;0;null;null;27,2;null;3,333333;
1963-10-15;null;null;0;null;null;26,6;null;2;
1963-10-16;null;null;0;null;null;26,8;null;2;
1963-10-17;null;null;0;null;null;27,2;null;3,666667;
1963-10-18;null;null;0;null;null;27;null;2;
1963-10-19;null;null;0;null;null;26,6;null;1,666667;
1963-10-20;null;null;0;null;null;26,4;null;2;
1963-10-21;null;null;0;null;null;27;null;2;
1963-10-22;null;null;0;null;null;27,4;null;3,333333;
1963-10-23;null;null;0;null;null;27;null;3,333333;
1963-10-24;null;null;0;null;null;27,2;null;2,666667;
1963-10-25;null;null;0;null;null;26,8;null;2;
1963-10-26;null;null;0;null;null;26,4;null;2;
1963-10-27;null;null;0;null;null;26,8;null;2,666667;
1963-10-28;null;null;0;null;null;27,2;null;3;
1963-10-29;null;null;0;null;null;27,6;null;3,333333;
1963-10-30;null;null;0;null;null;27,2;null;2,666667;
1963-10-31;null;null;0;null;null;26,8;null;2;
1963-11-01;null;null;0;null;null;25,4;null;2,666667;
1963-11-02;null;null;0;null;null;25,6;null;2,666667;
1963-11-03;null;null;0;null;null;26;null;2,666667;
1963-11-04;null;null;0;null;null;25,8;null;3;
1963-11-05;null;null;0;null;null;26,2;null;2,666667;
1963-11-06;null;null;0;null;null;25,8;null;2,666667;
1963-11-07;null;null;0;null;null;25,4;null;2;
1963-11-08;null;null;0;null;null;25;null;2;
1963-11-09;null;null;0;null;null;25,4;null;2,666667;
1963-11-10;null;null;0;null;null;25,2;null;2,333333;
1963-11-11;null;null;0;null;null;24,8;null;2,333333;
1963-11-12;null;null;0;null;null;25,2;null;2,333333;
1963-11-13;null;null;0;null;null;25,6;null;3,333333;
1963-11-14;null;null;0;null;null;25,2;null;2;
1963-11-15;null;null;0;null;null;24,6;null;1,333333;
1963-11-16;null;null;0;null;null;25;null;2,666667;
1963-11-17;null;null;0;null;null;25,4;null;2,333333;
1963-11-18;null;null;0;null;null;25;null;1,666667;
1963-11-19;null;null;0;null;null;25,4;null;2,333333;
1963-11-20;null;null;0;null;null;25;null;2,666667;
1963-11-21;null;null;0;null;null;25,2;null;2;
1963-11-22;null;null;0;null;null;25,8;null;2,666667;
1963-11-23;null;null;0;null;null;26,2;null;3,666667;
1963-11-24;null;null;0;null;null;25,6;null;2,333333;
1963-11-25;null;null;0;null;null;25;null;2;
1963-11-26;null;null;0;null;null;26;null;3,333333;
1963-11-27;null;null;0;null;null;25,6;null;2,333333;
1963-11-28;null;null;12,6;null;null;25;null;1;
1963-11-29;null;null;10,2;null;null;24,4;null;1;
1963-11-30;null;null;16,8;null;null;24;null;,666667;
1963-12-01;null;null;0;null;null;25,6;null;2,666667;
1963-12-02;null;null;0;null;null;25,4;null;2;
1963-12-03;null;null;0;null;null;25;null;1,666667;
1963-12-04;null;null;0;null;null;25,2;null;2;
1963-12-05;null;null;0;null;null;24,8;null;1;
1963-12-06;null;null;0;null;null;24,6;null;,666667;
1963-12-07;null;null;10,2;null;null;25;null;1,333333;
1963-12-08;null;null;2,6;null;null;25,2;null;2;
1963-12-09;null;null;0;null;null;25;null;2;
1963-12-10;null;null;0;null;null;24,8;null;,666667;
1963-12-11;null;null;0;null;null;25,2;null;1,333333;
1963-12-12;null;null;0;null;null;24,6;null;,666667;
1963-12-13;null;null;0;null;null;24;null;,666667;
1963-12-14;null;null;5,6;null;null;24,2;null;1;
1963-12-15;null;null;5,4;null;null;23,4;null;,666667;
1963-12-16;null;null;10,8;null;null;23;null;,666667;
1963-12-17;null;null;2,6;null;null;23,6;null;1;
1963-12-18;null;null;0;null;null;24,6;null;1,333333;
1963-12-19;null;null;2,8;null;null;24,4;null;1,666667;
1963-12-20;null;null;0;null;null;24;null;,666667;
1963-12-21;null;null;6,6;null;null;23,6;null;1;
1963-12-22;null;null;2,8;null;null;24;null;,666667;
1963-12-23;null;null;0;null;null;24,2;null;1,333333;
1963-12-24;null;null;8,2;null;null;24;null;,666667;
1963-12-25;null;null;3,4;null;null;24,4;null;1,333333;
1963-12-26;null;null;0;null;null;24,2;null;1,333333;
1963-12-27;null;null;0;null;null;24,8;null;1,333333;
1963-12-28;null;null;0;null;null;24,4;null;,666667;
1963-12-29;null;null;4;null;null;24;null;,666667;
1963-12-30;null;null;0;null;null;23,8;null;,666667;
1963-12-31;null;null;10,6;null;null;24;null;1,333333;
1964-01-01;null;null;0;null;null;24,4;null;1;
1964-01-02;null;null;0;null;null;24;null;,666667;
1964-01-03;null;null;1,8;null;null;24,2;null;1;
1964-01-04;null;null;9,8;null;null;23,8;null;1;
1964-01-05;null;null;4,8;null;null;24,4;null;1,666667;
1964-01-06;null;null;0;null;null;24,6;null;2;
1964-01-07;null;null;16,4;null;null;24;null;,666667;
1964-01-08;null;null;7,6;null;null;23,6;null;1,666667;
1964-01-09;null;null;0;null;null;24,6;null;1,666667;
1964-01-10;null;null;0;null;null;24,8;null;2,333333;
1964-01-11;null;null;2,8;null;null;25;null;1,666667;
1964-01-12;null;null;2,6;null;null;25,2;null;1,666667;
1964-01-13;null;null;0;null;null;25,6;null;1,666667;
1964-01-14;null;null;13,4;null;null;24,8;null;1;
1964-01-15;null;null;10,8;null;null;23,6;null;1;
1964-01-16;null;null;8;null;null;23;null;,333333;
1964-01-17;null;null;12;null;null;22,6;null;1;
1964-01-18;null;null;3,8;null;null;23,6;null;1,666667;
1964-01-19;null;null;0;null;null;24,2;null;1,333333;
1964-01-20;null;null;0;null;null;25;null;2;
1964-01-21;null;null;0;null;null;25,4;null;2;
1964-01-22;null;null;0;null;null;25,2;null;2,333333;
1964-01-23;null;null;0;null;null;24,8;null;1,333333;
1964-01-24;null;null;6,8;null;null;24,4;null;1,333333;
1964-01-25;null;null;0;null;null;24,2;null;,666667;
1964-01-26;null;null;4,6;null;null;24;null;1;
1964-01-27;null;null;13,8;null;null;24,4;null;,666667;
1964-01-28;null;null;null;null;null;24,6;null;1,333333;
1964-01-29;null;null;0;null;null;25;null;1,333333;
1964-01-30;null;null;9,6;null;null;24,6;null;1;
1964-01-31;null;null;3,2;null;null;24,8;null;1,666667;
1964-02-01;null;null;0;null;null;24,2;null;1;
1964-02-02;null;null;0;null;null;24;null;1;
1964-02-03;null;null;1,4;null;null;23,6;null;,666667;
1964-02-04;null;null;3,2;null;null;24;null;1,666667;
1964-02-05;null;null;4,8;null;null;23,8;null;1;
1964-02-06;null;null;16,6;null;null;23;null;1;
1964-02-07;null;null;0;null;null;23,6;null;1,333333;
1964-02-08;null;null;3,8;null;null;24,2;null;1,333333;
1964-02-09;null;null;0;null;null;23,4;null;1;
1964-02-10;null;null;11,4;null;null;23,8;null;1,333333;
1964-02-11;null;null;8,6;null;null;23;null;1,666667;
1964-02-12;null;null;0;null;null;24,2;null;1,333333;
1964-02-13;null;null;0;null;null;24,4;null;1,333333;
1964-02-14;null;null;3,6;null;null;24,2;null;1;
1964-02-15;null;null;0;null;null;24;null;2;
1964-02-16;null;null;0;null;null;24,8;null;1,666667;
1964-02-17;null;null;0;null;null;24,6;null;1;
1964-02-18;null;null;9,4;null;null;24;null;,666667;
1964-02-19;null;null;7;null;null;23,4;null;,666667;
1964-02-20;null;null;0;null;null;23,6;null;1;
1964-02-21;null;null;0;null;null;23,4;null;1;
1964-02-22;null;null;8;null;null;23;null;,666667;
1964-02-23;null;null;5,4;null;null;22,8;null;1;
1964-02-24;null;null;6,6;null;null;22;null;1,666667;
1964-02-25;null;null;22;null;null;22,4;null;1,666667;
1964-02-26;null;null;4,6;null;null;21,8;null;1,333333;
1964-02-27;null;null;11,8;null;null;22,4;null;1,666667;
1964-02-28;null;null;0;null;null;23;null;1,666667;
1964-02-29;null;null;0;null;null;23,8;null;1,333333;
1964-03-01;null;null;5,8;null;null;21,8;null;,666667;
1964-03-02;null;null;18,6;null;null;21,4;null;,666667;
1964-03-03;null;null;0;null;null;22;null;,666667;
1964-03-04;null;null;0;null;null;22,8;null;1,333333;
1964-03-05;null;null;0;null;null;22,4;null;1;
1964-03-06;null;null;14,4;null;null;20,6;null;,666667;
1964-03-07;null;null;0;null;null;21,2;null;1;
1964-03-08;null;null;0;null;null;22,2;null;1,333333;
1964-03-09;null;null;0;null;null;22,8;null;1,333333;
1964-03-10;null;null;0;null;null;23;null;1,666667;
1964-03-11;null;null;3,6;null;null;22,6;null;,666667;
1964-03-12;null;null;0;null;null;23,2;null;1,666667;
1964-03-13;null;null;0;null;null;23,6;null;1,666667;
1964-03-14;null;null;0;null;null;23,4;null;1;
1964-03-15;null;null;2,8;null;null;23;null;,666667;
1964-03-16;null;null;0;null;null;23,4;null;,666667;
1964-03-17;null;null;15,4;null;null;22,8;null;,666667;
1964-03-18;null;null;3,6;null;null;22,4;null;1;
1964-03-19;null;null;0;null;null;23;null;1,333333;
1964-03-20;null;null;0;null;null;23,4;null;1,666667;
1964-03-21;null;null;0;null;null;23,2;null;,666667;
1964-03-22;null;null;8,6;null;null;22,6;null;,666667;
1964-03-23;null;null;8,2;null;null;null;null;,666667;
1964-03-24;null;null;0;null;null;23;null;1;
1964-03-25;null;null;0;null;null;23,4;null;1,666667;
1964-03-26;null;null;0;null;null;23,8;null;2;
1964-03-27;null;null;0;null;null;23,2;null;1;
1964-03-28;null;null;16,4;null;null;22,8;null;,666667;
1964-03-29;null;null;0;null;null;22,8;null;,666667;
1964-03-30;null;null;0;null;null;23,2;null;1;
1964-03-31;null;null;0;null;null;23,6;null;1,333333;
1964-04-01;null;null;null;null;null;null;null;null;
1964-04-02;null;null;null;null;null;null;null;null;
1964-04-03;null;null;null;null;null;null;null;null;
1964-04-04;null;null;null;null;null;null;null;null;
1964-04-05;null;null;null;null;null;null;null;null;
1964-04-06;null;null;null;null;null;null;null;null;
1964-04-07;null;null;null;null;null;null;null;null;
1964-04-08;null;null;null;null;null;null;null;null;
1964-04-09;null;null;null;null;null;null;null;null;
1964-04-10;null;null;null;null;null;null;null;null;
1964-04-11;null;null;null;null;null;null;null;null;
1964-04-12;null;null;null;null;null;null;null;null;
1964-04-13;null;null;null;null;null;null;null;null;
1964-04-14;null;null;null;null;null;null;null;null;
1964-04-15;null;null;null;null;null;null;null;null;
1964-04-16;null;null;null;null;null;null;null;null;
1964-04-17;null;null;null;null;null;null;null;null;
1964-04-18;null;null;null;null;null;null;null;null;
1964-04-19;null;null;null;null;null;null;null;null;
1964-04-20;null;null;null;null;null;null;null;null;
1964-04-21;null;null;null;null;null;null;null;null;
1964-04-22;null;null;null;null;null;null;null;null;
1964-04-23;null;null;null;null;null;null;null;null;
1964-04-24;null;null;null;null;null;null;null;null;
1964-04-25;null;null;null;null;null;null;null;null;
1964-04-26;null;null;null;null;null;null;null;null;
1964-04-27;null;null;null;null;null;null;null;null;
1964-04-28;null;null;null;null;null;null;null;null;
1964-04-29;null;null;null;null;null;null;null;null;
1964-04-30;null;null;null;null;null;null;null;null;
1964-05-01;null;null;null;null;null;22,4;null;,666667;
1964-05-02;null;null;4,2;null;null;22;null;,666667;
1964-05-03;null;null;10;null;null;21,4;null;,666667;
1964-05-04;null;null;14,5;null;null;20,4;null;,333333;
1964-05-05;null;null;0;null;null;21,2;null;1;
1964-05-06;null;null;0;null;null;22;null;1,666667;
1964-05-07;null;null;0;null;null;23,2;null;2;
1964-05-08;null;null;4,6;null;null;22,8;null;,666667;
1964-05-09;null;null;8,8;null;null;22;null;,666667;
1964-05-10;null;null;0;null;null;22,6;null;,666667;
1964-05-11;null;null;6,4;null;null;22,4;null;1;
1964-05-12;null;null;0;null;null;23,6;null;1,666667;
1964-05-13;null;null;7,6;null;null;22,8;null;,666667;
1964-05-14;null;null;9,6;null;null;21,8;null;1;
1964-05-15;null;null;0;null;null;22,6;null;1,333333;
1964-05-16;null;null;0;null;null;23,6;null;2;
1964-05-17;null;null;1,4;null;null;23;null;,666667;
1964-05-18;null;null;7,8;null;null;23,6;null;1,666667;
1964-05-19;null;null;0;null;null;23,8;null;1,666667;
1964-05-20;null;null;0;null;null;23,6;null;,666667;
1964-05-21;null;null;0;null;null;24,2;null;1,666667;
1964-05-22;null;null;0;null;null;23,6;null;,666667;
1964-05-23;null;null;13;null;null;22,4;null;,333333;
1964-05-24;null;null;0;null;null;22,8;null;1;
1964-05-25;null;null;0;null;null;23,6;null;1,666667;
1964-05-26;null;null;0;null;null;24;null;1,666667;
1964-05-27;null;null;0;null;null;23,6;null;,666667;
1964-05-28;null;null;6,4;null;null;22,4;null;,333333;
1964-05-29;null;null;5,2;null;null;22;null;,666667;
1964-05-30;null;null;0;null;null;23,2;null;1;
1964-05-31;null;null;0;null;null;23,8;null;1,333333;
1964-06-01;null;null;0;null;null;23,6;null;1;
1964-06-02;null;null;0;null;null;24;null;1,666667;
1964-06-03;null;null;3,2;null;null;23,8;null;,666667;
1964-06-04;null;null;5,8;null;null;23;null;,666667;
1964-06-05;null;null;6,6;null;null;23,4;null;,666667;
1964-06-06;null;null;0;null;null;24;null;1,333333;
1964-06-07;null;null;0;null;null;24,2;null;1,333333;
1964-06-08;null;null;0;null;null;24;null;1,333333;
1964-06-09;null;null;0;null;null;24,4;null;1,333333;
1964-06-10;null;null;7,6;null;null;24;null;,666667;
1964-06-11;null;null;2,8;null;null;23,8;null;,666667;
1964-06-12;null;null;0;null;null;24,2;null;1,666667;
1964-06-13;null;null;0;null;null;24;null;1,666667;
1964-06-14;null;null;0;null;null;24,2;null;2;
1964-06-15;null;null;0;null;null;24,4;null;1,666667;
1964-06-16;null;null;0;null;null;24,4;null;1,333333;
1964-06-17;null;null;0;null;null;24,2;null;1;
1964-06-18;null;null;0;null;null;24;null;1;
1964-06-19;null;null;11,4;null;null;24,2;null;1;
1964-06-20;null;null;0;null;null;24,6;null;2;
1964-06-21;null;null;0;null;null;24,2;null;1,666667;
1964-06-22;null;null;0;null;null;24;null;1,333333;
1964-06-23;null;null;3,6;null;null;23,4;null;,666667;
1964-06-24;null;null;0;null;null;23,8;null;,666667;
1964-06-25;null;null;0;null;null;23,2;null;1;
1964-06-26;null;null;26,2;null;null;23;null;,666667;
1964-06-27;null;null;1,6;null;null;22,6;null;,666667;
1964-06-28;null;null;0;null;null;24,2;null;2;
1964-06-29;null;null;0;null;null;24,8;null;1,666667;
1964-06-30;null;null;0;null;null;24,4;null;2;
1964-07-01;null;null;0;null;null;24,6;null;1,666667;
1964-07-02;null;null;0;null;null;24,8;null;2;
1964-07-03;null;null;0;null;null;25,2;null;2;
1964-07-04;null;null;0;null;null;25;null;2,333333;
1964-07-05;null;null;0;null;null;25,4;null;2;
1964-07-06;null;null;5,4;null;null;24,8;null;,666667;
1964-07-07;null;null;1,4;null;null;24,4;null;1;
1964-07-08;null;null;0;null;null;24,8;null;1,666667;
1964-07-09;null;null;0;null;null;25,2;null;2;
1964-07-10;null;null;0;null;null;25,4;null;2,333333;
1964-07-11;null;null;0;null;null;25;null;1,666667;
1964-07-12;null;null;0;null;null;25,4;null;2;
1964-07-13;null;null;0;null;null;25,6;null;2,333333;
1964-07-14;null;null;0;null;null;25,2;null;1,333333;
1964-07-15;null;null;13;null;null;24,8;null;1,666667;
1964-07-16;null;null;0;null;null;25,2;null;1,666667;
1964-07-17;null;null;0;null;null;25;null;1,666667;
1964-07-18;null;null;6,4;null;null;24,6;null;1;
1964-07-19;null;null;17,4;null;null;24,2;null;1,666667;
1964-07-20;null;null;0;null;null;25;null;1,666667;
1964-07-21;null;null;0;null;null;25,4;null;2,333333;
1964-07-22;null;null;0;null;null;25;null;1,666667;
1964-07-23;null;null;0;null;null;25,4;null;1,666667;
1964-07-24;null;null;0;null;null;25,2;null;1,666667;
1964-07-25;null;null;8,6;null;null;24,8;null;1;
1964-07-26;null;null;0;null;null;25;null;,666667;
1964-07-27;null;null;0;null;null;25,4;null;1,666667;
1964-07-28;null;null;0;null;null;25,4;null;1,666667;
1964-07-29;null;null;0;null;null;25,2;null;1,666667;
1964-07-30;null;null;0;null;null;25;null;1,333333;
1964-07-31;null;null;16;null;null;24,6;null;,666667;
1964-08-01;null;null;null;null;null;null;null;null;
1964-08-02;null;null;null;null;null;null;null;null;
1964-08-03;null;null;null;null;null;null;null;null;
1964-08-04;null;null;null;null;null;null;null;null;
1964-08-05;null;null;null;null;null;null;null;null;
1964-08-06;null;null;null;null;null;null;null;null;
1964-08-07;null;null;null;null;null;null;null;null;
1964-08-08;null;null;null;null;null;null;null;null;
1964-08-09;null;null;null;null;null;null;null;null;
1964-08-10;null;null;null;null;null;null;null;null;
1964-08-11;null;null;null;null;null;null;null;null;
1964-08-12;null;null;null;null;null;null;null;null;
1964-08-13;null;null;null;null;null;null;null;null;
1964-08-14;null;null;null;null;null;null;null;null;
1964-08-15;null;null;null;null;null;null;null;null;
1964-08-16;null;null;null;null;null;null;null;null;
1964-08-17;null;null;null;null;null;null;null;null;
1964-08-18;null;null;null;null;null;null;null;null;
1964-08-19;null;null;null;null;null;null;null;null;
1964-08-20;null;null;null;null;null;null;null;null;
1964-08-21;null;null;null;null;null;null;null;null;
1964-08-22;null;null;null;null;null;null;null;null;
1964-08-23;null;null;null;null;null;null;null;null;
1964-08-24;null;null;null;null;null;null;null;null;
1964-08-25;null;null;null;null;null;null;null;null;
1964-08-26;null;null;null;null;null;null;null;null;
1964-08-27;null;null;null;null;null;null;null;null;
1964-08-28;null;null;null;null;null;null;null;null;
1964-08-29;null;null;null;null;null;null;null;null;
1964-08-30;null;null;null;null;null;null;null;null;
1964-08-31;null;null;null;null;null;null;null;null;
1964-09-01;null;null;null;null;null;25,4;null;3,333333;
1964-09-02;null;null;0;null;null;25,2;null;3;
1964-09-03;null;null;0;null;null;25,4;null;3,666667;
1964-09-04;null;null;0;null;null;25,6;null;3,666667;
1964-09-05;null;null;0;null;null;25,8;null;2,666667;
1964-09-06;null;null;0;null;null;25,4;null;2;
1964-09-07;null;null;0;null;null;25,8;null;3,666667;
1964-09-08;null;null;0;null;null;26;null;4;
1964-09-09;null;null;0;null;null;25,6;null;3,333333;
1964-09-10;null;null;0;null;null;25,4;null;2,666667;
1964-09-11;null;null;0;null;null;25,8;null;3,666667;
1964-09-12;null;null;0;null;null;26;null;2;
1964-09-13;null;null;0;null;null;25,6;null;3,666667;
1964-09-14;null;null;0;null;null;25,4;null;2,666667;
1964-09-15;null;null;0;null;null;25,6;null;2,666667;
1964-09-16;null;null;0;null;null;26;null;4;
1964-09-17;null;null;0;null;null;25,6;null;2,666667;
1964-09-18;null;null;0;null;null;25,2;null;2;
1964-09-19;null;null;0;null;null;25,4;null;2,666667;
1964-09-20;null;null;0;null;null;25,4;null;2,666667;
1964-09-21;null;null;0;null;null;25,6;null;2,666667;
1964-09-22;null;null;0;null;null;26;null;3,333333;
1964-09-23;null;null;0;null;null;25;null;3;
1964-09-24;null;null;0;null;null;25,4;null;2,666667;
1964-09-25;null;null;0;null;null;null;null;2,333333;
1964-09-26;null;null;0;null;null;25,4;null;3,666667;
1964-09-27;null;null;0;null;null;25,2;null;2,666667;
1964-09-28;null;null;0;null;null;25,4;null;3,666667;
1964-09-29;null;null;0;null;null;25,8;null;3,666667;
1964-09-30;null;null;0;null;null;25,4;null;2,333333;
1964-10-01;null;null;0;null;null;25,6;null;2,333333;
1964-10-02;null;null;0;null;null;26;null;3,666667;
1964-10-03;null;null;0;null;null;26,2;null;3,666667;
1964-10-04;null;null;0;null;null;27,2;null;3,666667;
1964-10-05;null;null;0;null;null;26,8;null;4;
1964-10-06;null;null;0;null;null;27,2;null;3;
1964-10-07;null;null;0;null;null;27,4;null;2,666667;
1964-10-08;null;null;0;null;null;27;null;3,333333;
1964-10-09;null;null;0;null;null;27;null;2;
1964-10-10;null;null;0;null;null;27,4;null;3,666667;
1964-10-11;null;null;0;null;null;27,2;null;3,666667;
1964-10-12;null;null;0;null;null;27;null;2,666667;
1964-10-13;null;null;0;null;null;27,4;null;3,333333;
1964-10-14;null;null;0;null;null;27;null;2,666667;
1964-10-15;null;null;0;null;null;26,6;null;1,666667;
1964-10-16;null;null;0;null;null;26,8;null;2,333333;
1964-10-17;null;null;0;null;null;27;null;2,333333;
1964-10-18;null;null;0;null;null;27,2;null;3,666667;
1964-10-19;null;null;0;null;null;26,8;null;2,333333;
1964-10-20;null;null;0;null;null;27;null;2,333333;
1964-10-21;null;null;0;null;null;26,4;null;2;
1964-10-22;null;null;0;null;null;26,8;null;2;
1964-10-23;null;null;0;null;null;27;null;3,666667;
1964-10-24;null;null;0;null;null;27,4;null;4;
1964-10-25;null;null;0;null;null;27,6;null;4,666667;
1964-10-26;null;null;0;null;null;27,2;null;2,333333;
1964-10-27;null;null;0;null;null;27;null;2;
1964-10-28;null;null;0;null;null;26,8;null;2;
1964-10-29;null;null;0;null;null;26,2;null;2;
1964-10-30;null;null;0;null;null;26,6;null;2,333333;
1964-10-31;null;null;0;null;null;26,2;null;2,666667;
1964-11-01;null;null;0;null;null;26,8;null;2,666667;
1964-11-02;null;null;0;null;null;27;null;2;
1964-11-03;null;null;0;null;null;26,6;null;2;
1964-11-04;null;null;0;null;null;26;null;1,666667;
1964-11-05;null;null;0;null;null;26,4;null;2,333333;
1964-11-06;null;null;0;null;null;26,4;null;3,333333;
1964-11-07;null;null;0;null;null;26,8;null;4,333333;
1964-11-08;null;null;0;null;null;27,2;null;4,333333;
1964-11-09;null;null;0;null;null;27;null;2;
1964-11-10;null;null;0;null;null;27,2;null;2,666667;
1964-11-11;null;null;0;null;null;27;null;2;
1964-11-12;null;null;0;null;null;26,6;null;2,666667;
1964-11-13;null;null;0;null;null;26,8;null;3;
1964-11-14;null;null;0;null;null;26,4;null;1,666667;
1964-11-15;null;null;0;null;null;26;null;1,666667;
1964-11-16;null;null;0;null;null;26,2;null;1,666667;
1964-11-17;null;null;0;null;null;26,6;null;2;
1964-11-18;null;null;0;null;null;26;null;2,666667;
1964-11-19;null;null;0;null;null;26,4;null;3,666667;
1964-11-20;null;null;0;null;null;26,8;null;3,666667;
1964-11-21;null;null;0;null;null;26,4;null;2;
1964-11-22;null;null;0;null;null;26;null;1,333333;
1964-11-23;null;null;0;null;null;25,6;null;1,333333;
1964-11-24;null;null;0;null;null;26,2;null;2;
1964-11-25;null;null;0;null;null;26,8;null;3,666667;
1964-11-26;null;null;0;null;null;27,2;null;4,333333;
1964-11-27;null;null;0;null;null;27;null;2,333333;
1964-11-28;null;null;0;null;null;26,8;null;2,333333;
1964-11-29;null;null;0;null;null;26,4;null;2;
1964-11-30;null;null;0;null;null;26,4;null;2;
1964-12-01;null;null;0;null;null;26;null;2,666667;
1964-12-02;null;null;0;null;null;26,2;null;2,333333;
1964-12-03;null;null;0;null;null;26;null;2,333333;
1964-12-04;null;null;0;null;null;25,8;null;1,333333;
1964-12-05;null;null;0;null;null;26;null;2;
1964-12-06;null;null;0;null;null;26,4;null;2,666667;
1964-12-07;null;null;0;null;null;26,2;null;2;
1964-12-08;null;null;0;null;null;26,2;null;2;
1964-12-09;null;null;0;null;null;26;null;3;
1964-12-10;null;null;0;null;null;26,4;null;2,333333;
1964-12-11;null;null;0;null;null;26,8;null;3,666667;
1964-12-12;null;null;0;null;null;26,6;null;2,333333;
1964-12-13;null;null;0;null;null;26,8;null;3;
1964-12-14;null;null;0;null;null;26,4;null;2;
1964-12-15;null;null;0;null;null;26;null;2;
1964-12-16;null;null;0;null;null;25,6;null;2;
1964-12-17;null;null;0;null;null;25,4;null;1,666667;
1964-12-18;null;null;0;null;null;25,6;null;2;
1964-12-19;null;null;0;null;null;26,2;null;2,666667;
1964-12-20;null;null;0;null;null;26;null;2,666667;
1964-12-21;null;null;0;null;null;25,4;null;1;
1964-12-22;null;null;0;null;null;25;null;1;
1964-12-23;null;null;0;null;null;24,6;null;,666667;
1964-12-24;null;null;3,6;null;null;25,2;null;1,333333;
1964-12-25;null;null;0;null;null;25,8;null;2;
1964-12-26;null;null;0;null;null;25,4;null;1,666667;
1964-12-27;null;null;0;null;null;25,8;null;2,666667;
1964-12-28;null;null;0;null;null;26;null;3;
1964-12-29;null;null;0;null;null;25,6;null;2;
1964-12-30;null;null;0;null;null;25;null;1;

