1,1961,1.4,9.9,8,30.2,23.44,18.8,76.25,1
2,1961,2.6,10.2,8.4,30.8,24.34,19.3,75.25,2.2667
3,1961,2.4,7.6,0.4,30.2,24.64,20,75,1.1667
4,1961,2.5,7.7,0,30.7,24.7,19.6,68.75,2
5,1961,3.4,10.2,0,30.4,24.44,19.4,71.75,2.3333
6,1961,3.5,11.4,0,32,24.96,19.2,63.5,0.66667
7,1961,3.1,10.9,0,31,25.02,19.1,63.25,1.8333
8,1961,3.6,9.9,0,31.7,25.18,18.6,60.5,2
9,1961,3.7,6.9,0.6,30.2,24.16,20.4,78,2
10,1961,2.3,6.7,0,28.3,23.94,20,79.75,2.6333
11,1961,2,0.4,0,27.5,22.84,20.1,86.25,1
12,1961,2,0,30.7,24.6,20.82,17.9,92.75,1
13,1961,0.5,3.1,46,26.3,20.9,18.8,91.25,1.4667
14,1961,1.8,0,37.2,23.6,19.3,17.3,94,1.8
15,1961,0.5,0,75.5,19.9,17.94,16.1,95.5,1.7
16,1961,0.7,5.4,4.8,27,21.5,17.7,75.5,3.6667
17,1961,2.5,7.6,0,27.2,22.12,18.2,70.25,1.6
18,1961,3.3,5,0,27.4,21.96,17.8,72,1.3
19,1961,3,6.1,0,28.5,22.96,19,71,1
20,1961,2.8,1,11.2,23.9,20.34,18.4,89.75,0
21,1961,1,4.9,4,28.9,22.42,19,81.5,0.66667
22,1961,1.6,9.1,0.2,28,23.02,18.7,73,4.4667
23,1961,2.5,0.9,0,28.1,23.04,19.7,81,0.83333
24,1961,2.1,0.6,9.7,29.8,23.44,19.8,78.25,0.33333
25,1961,2,0.8,0,29.9,23.38,19.4,80,0
26,1961,2.2,4.9,0.8,29.5,22.72,19.3,82,4.2
27,1961,2.5,10.5,0,29.1,23.98,18.4,74.25,0
28,1961,2.8,6.6,0,29.5,24.58,20,77,0.36667
1,1962,2.8,8.8,0,28.2,22.42,18.5,77.25,2.5
2,1962,3,2.9,0.8,26,21.58,19,88.75,3
3,1962,1.7,7.4,0.8,27.8,22.72,17.6,73.25,1.1333
4,1962,2.2,0.7,0,26.4,23.1,19,73.5,1.5
5,1962,2.3,0.5,65,24.8,21.82,20,85.25,0
6,1962,1.1,0.7,14.2,25,20.44,18.8,90.25,0
7,1962,0.7,4.4,70.4,26.2,21.88,18.2,79.75,1.3333
8,1962,1.9,4,2.8,NaN,NaN,19.4,NaN,2.25
9,1962,1.3,0.6,27.6,NaN,NaN,17.8,NaN,1.25
10,1962,1.3,6.5,36,29.1,22.06,18.4,85,1
11,1962,2,2,7,24.6,21.3,19,95.25,0
12,1962,1.2,10.5,0.7,NaN,NaN,18.6,NaN,0
13,1962,3.1,3.8,0,27.6,23.68,19.2,79.5,0.33333
14,1962,2.1,4.6,0,28.5,23.46,20.4,76.75,1.3333
15,1962,2.3,2.9,1,27.8,22.94,20.6,78.25,1
16,1962,2.3,5.7,0,28.2,23.16,18.4,69.75,0.33333
17,1962,3.9,9.5,0,31,24.22,20.2,69.5,1.6
18,1962,3.8,10,0,30.6,25.08,19.2,65.5,0
19,1962,4,3.8,1.4,29.7,23.64,20.2,76.75,1.5
20,1962,2.5,1.8,16.6,26.6,22.22,18.4,78.5,1
21,1962,2.3,9.8,0,29.8,24.24,19.4,68,1.1
22,1962,3.4,8.8,0,29.4,24.14,19.8,68.5,1.6667
23,1962,3.3,3.4,16,27.6,22.76,18,80.5,1
24,1962,2.1,6.2,0.3,28,22.6,20,80.5,1.5333
25,1962,2.4,5.2,15.2,28,22.2,19,82.25,1.3333
26,1962,2.5,3.6,3.6,24.2,20.76,17.8,86,2.8333
27,1962,1.9,1.7,0,23.6,21.04,18.8,78,3.1667
28,1962,2.3,8.6,0,25.6,21,18.6,73.25,2
1,1963,3.3,7.8,0,28.7,23.56,19.1,63,2.6
2,1963,2.5,6.2,4.5,29,22.8,18,73,1.9333
3,1963,2.6,7.9,26,29.4,23.06,19.5,74.75,1.8
4,1963,2.4,8.1,2.1,29.4,23.56,18.7,70.25,1.1333
5,1963,2.2,2.6,5,27.6,22.02,19.5,81.5,1.1667
6,1963,1.8,1.1,23.9,24,21,19,91.25,0
7,1963,1,2.6,28,26,21.66,18.3,81.75,1.2667
8,1963,2.3,2.5,11,26.4,21.66,19.1,85.25,1.6
9,1963,1.7,3.7,7.4,25.1,20.82,18,75.75,1
10,1963,2.6,2.3,0,24.2,20.98,18.4,74,4.2667
11,1963,2.5,4.7,0,25.4,21.5,19.2,67.5,5.2
12,1963,2.9,11.3,0,28,23.3,19,69.25,4.1667
13,1963,4,7.2,0,28.6,23.3,19.3,73,3.8333
14,1963,2.5,10.7,7.2,29.2,22.74,18.3,74.75,1.5
15,1963,2.5,6.3,1.4,28.5,22.9,19.1,69,3.6333
16,1963,3,3.3,0,27,21.94,19.3,83.25,1.7333
17,1963,1.5,8.4,7,28.8,23.22,18.9,66.25,1.5667
18,1963,3.1,9.1,0,29,23.62,19.1,65.5,2.7333
19,1963,3.4,10.9,0.2,31.2,25.08,20.2,62.5,1
20,1963,3.6,10.6,0,30.6,25.5,20.5,63,0
21,1963,3.4,11.8,0,31.6,25.46,20.1,63.25,0
22,1963,3.9,1.7,0,28.6,23.5,20.8,82.25,1.2333
23,1963,1.8,3.7,83,26,22.76,20,73.5,2.7667
24,1963,2.6,7.2,3,27.1,22.58,19.6,71.75,2.6667
25,1963,2.7,9.3,0,27.8,22.88,19.4,64,2.4333
26,1963,3.8,1.2,0,30.6,25.1,19.9,60,0
27,1963,4.2,11.3,0,30,24.38,20.1,NaN,0
28,1963,4,9.5,0,30.2,24.62,19.1,65.75,0
1,1964,2.5,4.1,0,28.9,23.26,20.4,84.5,2.8333
2,1964,1.9,4.8,2.8,28.1,23.96,20,78.75,1.7
3,1964,1.9,4.8,3.6,28.2,22.54,18.3,79.5,0.33333
4,1964,1.9,4.8,25.9,28.8,23.58,20.7,76.75,0.83333
5,1964,3.2,8.3,0,27.8,21.96,18.4,71.5,2.1667
6,1964,3.4,10.5,0,28.4,22.88,17.2,65.5,3.3
7,1964,4.1,11.6,0,30,24.2,18,64.5,2.9
8,1964,3.8,10.5,0,30,25.02,19.7,63.75,2
9,1964,3.9,1.4,0,26,23.8,21.8,81.75,0.83333
10,1964,1.8,3.5,9.8,28.2,23.46,20.4,80.5,1.5333
11,1964,3.1,6.1,0.3,30.2,24.92,21.8,69.5,3.7
12,1964,NaN,7.8,4.8,29.4,24.98,21.1,70.5,3.1667
13,1964,NaN,8.8,0,31.2,24.76,20.8,73.5,2.4
14,1964,3.4,3.4,1.2,28.6,23.44,21.2,81.25,0.66667
15,1964,1.9,0.7,3.5,26,23.12,20.6,84.25,0.66667
16,1964,1.1,1.2,3.1,26,22.32,20.4,93,1.6
17,1964,0.9,6.1,32,29.4,23.32,19.7,74.25,1.8
18,1964,2.5,7.9,0,30.6,24.82,19.5,71,1.0667
19,1964,3.2,4.1,0,29.7,23.28,20.1,81.75,0.83333
20,1964,2.3,4.1,0,28.7,22.74,20,80.25,2.7667
21,1964,2.2,0.6,41.2,24,19.8,18.4,91,1.2333
22,1964,0.7,0,60.7,21.2,19.2,17.2,96.5,2.4667
23,1964,0.3,0.1,46,22.1,19.2,18,97.75,2.6333
24,1964,0.2,4.5,32.3,26.2,20.84,16.4,82.25,0
25,1964,1.8,4.5,6.2,27.2,22.14,19.3,81.5,0.23333
26,1964,1.8,2.5,2.5,27,21.22,19.1,87.5,2.2667
27,1964,1.9,3.4,13.2,28,22.24,18.4,74.25,2.0333
28,1964,3.1,7.8,0,27.9,22.98,19,67.75,3.9667
1,1965,2.8,4.9,0.6,28.6,23.26,20.1,77.5,0.4
2,1965,2.2,6.5,0.4,28.3,23.02,18.8,74.5,1.3
3,1965,2.7,3.9,0,28.4,23.66,20.6,76,2.0667
4,1965,2.5,1.9,0.8,27,21.26,19.6,88.25,0
5,1965,1.4,2.5,12,26.4,21.38,18.9,90,0
6,1965,1,0.5,25.6,23.8,21.22,19.5,92.75,1.0667
7,1965,0.9,2.1,3.1,26.2,21.5,19.1,88.5,1.3333
8,1965,0.9,8.9,12.7,28.8,23.28,19,71,1.5
9,1965,2.6,3.9,40,28.4,21.74,18.3,80.75,0
10,1965,1.6,1.8,1.6,26.1,21.4,19.7,84.25,3.2
11,1965,1.4,0,25.4,21.4,19.76,17.7,89.5,0.13333
12,1965,0.9,0,13,23.2,20.44,17.2,79.75,0.066667
13,1965,1.6,5.1,0,27.9,22.3,19.2,75.25,2.3333
14,1965,2.3,6,6,27.4,22.8,19,74.25,0.66667
15,1965,1.9,3.6,2.6,28,22.26,18.7,81.75,0.93333
16,1965,1.3,3.6,2.8,26.6,21.38,18.6,90,2.1667
17,1965,1.3,0.3,11.5,25.2,20.68,19,87.75,1.8667
18,1965,0.9,0.9,65.4,24.4,20.24,18.6,94.75,0
19,1965,1,0.4,64.6,24.4,20.32,17.8,87.25,1.2667
20,1965,0.8,4.5,27.1,26.4,21.52,17.8,77.75,2.1667
21,1965,2.2,1.8,5.8,25.4,20.66,18.5,90.25,0
22,1965,1.1,1.5,20.8,26.8,22.42,19.1,78.25,3.6
23,1965,1.8,1.7,3.2,23.3,20.98,19,86.25,1
24,1965,1,2.6,10,26.2,21.82,19.2,84,1.7333
25,1965,1.4,1.5,2.6,25.8,20.96,19,90.25,2.8333
26,1965,1.2,3.4,13.8,25.4,21.72,18.8,81.75,1.6333
27,1965,1.5,8.9,17,29.1,23.48,18.4,71.75,2.0667
28,1965,2.6,8.1,9.8,29.3,23.78,18.4,70.75,1.5667
1,1966,1.5,0,45.6,22,20.7,19.1,92.5,0.76667
2,1966,0.4,0,116.9,22.1,20.06,18.8,90.25,0.33333
3,1966,1.4,7.8,19.2,27.2,22.38,18.3,72.5,3.4333
4,1966,2.9,3,0,26.4,22.46,19.5,83.25,0.33333
5,1966,1.7,1.3,15,25.4,21.76,20,88.5,0.9
6,1966,0.8,0,17.9,25.6,21.2,19.2,88,1.9
7,1966,1.4,4.8,2.6,27.6,22.56,18.6,76.75,1.2667
8,1966,2.2,NaN,1,28.6,22.7,18.3,71,4.7
9,1966,3.3,9.4,0,28.4,23.32,19.2,70,3.7
10,1966,2.9,NaN,7,28.6,23.08,18.2,76,0.4
11,1966,2.8,NaN,0.6,29.2,24.32,20.6,68.75,1.5333
12,1966,3.4,NaN,0,28.2,23.6,19.6,67.5,2.1667
13,1966,3.9,12.2,0,30.8,24.72,19.8,56,1.3333
14,1966,4.9,12.2,0,30.8,24.78,20.1,54.25,2.3667
15,1966,5,NaN,0,28.6,23.22,18.5,59.75,3.1667
16,1966,4.5,12.3,0,29.4,23.46,18.3,59.75,1.9667
17,1966,4.9,12.3,0,29.2,24,19.4,52.25,1.1667
18,1966,4.9,11,0,30.6,24.62,18.7,53.5,1.9333
19,1966,4.2,9.3,0,29,23.9,19.1,59.25,0.93333
20,1966,4.1,8.2,0,NaN,NaN,20.4,62.5,0.56667
21,1966,5.1,7,0,NaN,NaN,21.1,63.75,0.33333
22,1966,3,1.8,0.5,NaN,NaN,21.2,73.25,0
23,1966,2.8,8.4,0,NaN,NaN,20.7,65.5,2.7667
24,1966,5,11.5,0,NaN,NaN,19.9,56.5,2.0333
25,1966,4.5,10.1,0,NaN,NaN,20.1,65.75,2.0667
26,1966,3.5,4,30.2,NaN,NaN,19.4,77,0.83333
27,1966,2.9,NaN,0,NaN,NaN,20,69.5,1.1333
28,1966,3.4,9.2,0.6,NaN,NaN,19.3,57.75,2.1
1,1967,3.4,2.2,2.4,23.4,NaN,20.3,NaN,1
2,1967,2,7,2.7,28,22.94,19.9,76.25,1.6667
3,1967,2.1,8.7,1.2,29,23.88,19.6,74.25,2.3333
4,1967,3.8,4.6,0,27.8,23.5,19.9,73.5,1.4
5,1967,2.5,12.2,0,27.9,23.64,19.9,67,2
6,1967,7,11.1,0,30,23.26,20.3,64.25,1.6667
7,1967,3.7,8,0.3,27.8,21.6,19,76,5
8,1967,3.6,8.6,19.9,30,22.4,17.4,71.25,0.66667
9,1967,3.1,6.7,29.4,26.2,23.5,19.5,71.25,1.3333
10,1967,1.6,5.6,0.3,28,23.2,19.4,78.75,0.66667
11,1967,1.7,5.5,33,28.2,23.62,19.5,77.5,1.6667
12,1967,1.8,3.3,64,24.8,20.9,18.9,89.75,1
13,1967,1,1,13.7,NaN,NaN,19.4,93.75,0
14,1967,0.9,3.6,1.2,NaN,NaN,18.9,81.5,0.33333
15,1967,2.4,NaN,8.8,NaN,NaN,18.8,85.5,0
16,1967,1.4,NaN,0,NaN,NaN,19.6,83.25,1
17,1967,2,10.9,27.8,NaN,NaN,19.4,83,1
18,1967,2.4,4.4,5.8,NaN,NaN,20.3,85,1
19,1967,2.4,2.1,26.6,NaN,NaN,19.3,82.25,1
20,1967,3.9,8.4,2.4,NaN,NaN,19.4,67.5,1.3333
21,1967,3.2,12.1,0,NaN,NaN,19.5,68,1.6667
22,1967,3,10.2,0,NaN,NaN,19.4,66.5,4.6667
23,1967,1.8,9.7,0,NaN,NaN,19.3,61.5,0
24,1967,4.6,12,0,NaN,NaN,19.7,61.25,1
25,1967,3.4,10.7,0,NaN,NaN,20,59.75,0.66667
26,1967,1.8,11.7,0,NaN,NaN,19.5,54.75,1.6667
27,1967,2.2,9.4,0,NaN,NaN,20.9,64.75,0.66667
28,1967,3.2,11.8,0,NaN,NaN,19.9,63,1
1,1968,3,0,0.1,22.4,20.26,19,87,1
2,1968,1.6,0,4.3,19.5,16.46,15.1,86.5,1.6667
3,1968,1.1,11.4,2.2,24.8,18.6,12.8,69.25,1.3333
4,1968,3,8.8,0,27.3,20.26,14.9,70,1.3333
5,1968,3.1,10.3,0,28.7,22.26,16.9,65,1.6667
6,1968,4.1,4.6,0,26.2,20.82,18.7,76,1.3333
7,1968,2.5,9.6,1.6,28.2,21.94,16.7,68.25,1
8,1968,3.4,9.3,0,29.2,21.62,17.4,78.25,1
9,1968,2.7,4.5,1.3,27,21.7,18.2,77,1.3333
10,1968,2.3,5.3,0.5,25.6,22.1,18,75.5,1
11,1968,2.3,9.2,0.4,28.7,22.86,19.2,67.25,2.6667
12,1968,3.8,11.7,0,29.5,23.18,18,70,1.3333
13,1968,3.1,11.3,0,30.6,24.28,19.3,70,1
14,1968,3,7.8,0,30.6,24.28,20.5,73,1.3333
15,1968,2.7,7.7,0,29.4,22.94,18.9,79.75,1
16,1968,1.9,0.3,29.4,23,20.46,18.3,92.25,0.33333
17,1968,0.6,0,21.4,22.3,20.44,19.1,89.25,0.66667
18,1968,1.7,1.4,10.4,24.2,19.92,17.7,75.75,2
19,1968,2,1.6,0,24,19.64,17.3,79,1.6667
20,1968,1.9,6.7,0,26,21.16,16,68.75,1.6667
21,1968,2.6,2.4,0,24.8,20.64,18.2,87.5,1
22,1968,1.4,7.7,15,27.2,21.7,17.2,80.5,1
23,1968,1.3,3.9,9.5,25.7,21.46,18.5,93,1
24,1968,0.8,0.2,13.2,24.2,20.36,18.8,94.25,0.66667
25,1968,0.5,3,25.4,25.8,20.7,18,88.25,0.33333
26,1968,1.6,5.3,28.4,26.7,21.76,19.3,82.5,1.3333
27,1968,1.9,0.3,16.3,23.7,20.48,17.7,90.25,0.66667
28,1968,0.8,0.4,16.4,23.7,19.94,18.4,97,0.66667
1,1969,2.9,1.3,0,30.8,24.56,19.5,60,1.6667
2,1969,4.3,11.4,0,32,24.66,17.5,62,1
3,1969,3.2,6.8,0,30.2,23.02,19.3,79.75,2.3333
4,1969,2,10.4,2,30.3,23.44,16.3,70,1.3333
5,1969,2.5,9.1,0.5,30.8,24.96,20.3,73.75,0.66667
6,1969,2.3,6.3,0,29.5,24.56,21.2,78.25,1.3333
7,1969,1.6,0.6,24.3,31.4,23.86,19,75.25,1
8,1969,2.4,11,0,31.8,25.16,20.5,68.5,1.6667
9,1969,2.2,9.4,0,29.9,24.28,19.7,71.75,1
10,1969,2.7,8.9,0,30.3,24.44,20.9,69,1
11,1969,2.7,11.3,0,31,24.48,19.6,68.75,1.3333
12,1969,2.8,11.6,0,31.6,25.36,20.2,69,1
13,1969,2.8,10.8,0,31.2,25.76,21.2,68.25,0.66667
14,1969,3.1,10.7,0,31.2,25.48,21.4,65,1
15,1969,3.5,11.6,0,30.7,25.32,20,67,0.66667
16,1969,2.3,8.3,0,30.6,24.92,20.5,71.75,0.66667
17,1969,2.3,9.4,0,33.1,25.9,19.9,70.25,0.66667
18,1969,1.9,8.7,0.9,32.2,24.94,21.1,81,1
19,1969,2.1,6.5,3.8,31.3,24.04,20.2,84.5,1.6667
20,1969,1.9,3.1,4.5,28,21.52,18.2,91.75,1
21,1969,0.8,2.8,69,27.4,21.5,18,91,0.66667
22,1969,0.7,3.9,18.9,29.2,23,19.5,80,1.6667
23,1969,1.1,5.4,0.8,28.3,22.78,19.5,91,0.33333
24,1969,1.9,3.6,6.6,28,23.44,20.9,82,1
25,1969,1.6,10.2,0,28.9,23.6,20,71,1
26,1969,2.2,10.7,0,30.1,23.32,18.3,67.5,1
27,1969,2.7,11.1,0,31.4,23.94,16.6,67,1
28,1969,2.5,10.7,0,30.7,24.44,18.5,69.25,1
1,1970,1.7,10.3,0,30,24.12,19.5,71,1
2,1970,2.4,11.5,0,29.7,23.28,17.9,61.75,1
3,1970,3,11.6,0,29.3,23.18,17.7,67.25,1
4,1970,3.3,10.2,0,28.6,23.16,19.5,70,1.3333
5,1970,3.2,8.8,0,28.4,22.26,19,74.5,2
6,1970,2,9.6,0.2,28.9,22.16,16.3,68.25,1
7,1970,3.2,11.7,0,28.8,22.5,18.3,68.25,1
8,1970,3.7,10.4,0,29.4,23.06,18.3,66.75,1.6667
9,1970,3.8,10.6,0,29.6,23.26,18,70.5,1.3333
10,1970,3.7,10.3,0,30,23.22,17.3,65,1
11,1970,3.8,11.6,0,28.9,22.72,17.9,68.5,2
12,1970,3.6,8,0,28.1,22.2,18.5,66.75,1
13,1970,3.6,11.4,0,29.2,22.62,17.5,67,1
14,1970,4,10.1,0,29.6,23.08,17.5,66.25,1.3333
15,1970,3.5,6.7,0,28.4,23.28,18.6,70.75,1
16,1970,3,2.1,0,27.8,22.82,19.9,72,1.3333
17,1970,2.7,9.5,0,28.5,23.9,19.7,66.75,1
18,1970,3.5,6.6,0,28.4,24.94,19.4,63.75,1
19,1970,2.5,0,4,24.4,21.28,20,90.75,0.33333
20,1970,0.7,0,26.8,22.5,20.1,19,98.25,0.66667
21,1970,0.3,0.5,46.2,25.1,20.18,18.6,89.5,2
22,1970,1.2,1.2,15.2,28.6,23.04,18,80,0.66667
23,1970,1.6,8.3,0,28.9,23.88,20.5,72,1.3333
24,1970,3.4,6.5,0,27.6,22.3,19.4,75,1.3333
25,1970,3,9.9,0,29.3,22.06,17.8,70.75,1.3333
26,1970,2.5,6.9,11,27.9,21.14,17.4,75.5,2.3333
27,1970,2.8,7.2,0,27.6,21.62,17.6,70.25,1
28,1970,3.3,0.9,0.2,25.6,21.58,18.1,73.5,1.6667
1,1971,5.6,9.1,0,32,25.64,19.3,46.75,1.6667
2,1971,6.6,10.5,0,31.5,25.02,19.6,35.75,1
3,1971,4.9,9.5,0,32.4,24.98,18.5,52.75,1.6667
4,1971,5.5,11.4,0,31.6,25.1,19.4,54,2.3333
5,1971,5.1,10.8,0,32.5,26.08,20.2,56.5,1.3333
6,1971,5.4,6.4,0,30.1,20.72,14.8,81.25,4
7,1971,2.9,5.8,46.4,26.8,21.9,18.4,77.5,1.3333
8,1971,1.9,5.6,2.9,28.7,23.38,18.5,69.75,1
9,1971,3.3,9.5,0,29.6,23.78,19.4,63.5,1.3333
10,1971,4.1,9.2,0,29.4,23.48,18.3,64.25,1
11,1971,4,10.1,0,31,22.58,18.5,76,1
12,1971,2.9,8.6,45,29.4,23.14,17.2,81.25,1
13,1971,2.4,9.5,1.4,31,24,18.8,69.75,1.3333
14,1971,4.1,10.6,0,31.2,24.88,19.9,62.25,1
15,1971,4.3,9.6,0,32.6,25.8,19.7,60.25,1
16,1971,4.8,9.5,0,31.2,24.84,20,59,1
17,1971,4.7,9.6,0,31.5,24.92,18.5,57.5,1
18,1971,4.5,10.2,0,30.6,24.56,19.9,64.75,1.3333
19,1971,4,10.3,0,31.8,25,19.4,61,1
20,1971,4.3,7.2,0,32,24.84,20,65,1.6667
21,1971,3.3,7.4,19.2,30,23.56,18.8,72.5,1
22,1971,2.8,8.1,2.6,30.6,24.24,20,73.75,2.3333
23,1971,2.8,9.7,0.4,31.7,25.24,18.3,63.75,1
24,1971,4,10.7,0,31.2,25.34,20,62.25,1
25,1971,3.6,8.9,0,32.4,24.12,18,68.25,1.6667
26,1971,2.8,9.4,15.4,29,23.4,18.2,68,1.6667
27,1971,3.7,5.4,0,28.8,22.96,20.1,69.75,4.3333
28,1971,4.2,6.9,1.2,27.4,22.28,19.2,72,2
1,1972,3.6,8.3,0,30.8,24.04,19.8,66.5,1.3333
2,1972,2.6,8.2,0.5,31.2,24.4,19.8,68.5,1.6667
3,1972,2.6,5.6,0.2,30.4,21.8,18.4,82.75,1
4,1972,1.4,4.3,15.4,28.2,22,18,75,1
5,1972,2,4.3,0,27.2,22.54,18.5,73.5,1.6667
6,1972,2.2,6.6,1,28,22.88,19.3,74.25,0.66667
7,1972,2.6,10.2,1.2,29.2,23.4,18.5,66,1
8,1972,2.4,7.4,0,28.2,23.32,19,69.25,1
9,1972,2.6,7,0,29,23.58,19.4,66.25,1.6667
10,1972,2.6,2.8,0,29.6,23.3,19.8,75.5,1
11,1972,2,5.7,1.2,29,22.42,18.1,83,1
12,1972,1.4,9.6,1.6,30,23.6,18.4,64.5,2
13,1972,2.9,9.1,0,30,23.68,19.5,64,1.3333
14,1972,3,9.9,0,30,24.16,19,63.75,1.3333
15,1972,2.6,9.5,0,30.1,24.54,19.4,61.25,2
16,1972,3.2,10.8,0,30.6,24.42,19,57.5,1.3333
17,1972,3.8,11.1,0,30.6,24.44,19.4,62.5,1
18,1972,3,9.2,0,30.4,24.56,19.4,63.25,1
19,1972,2.9,9.9,0,30.2,24.08,19.6,65.5,2.3333
20,1972,2.8,7.2,0,29.8,23.7,19.5,65.5,1.6667
21,1972,2,4.1,3.9,26.6,21.52,19,78.75,1
22,1972,1.2,7.1,6.2,29.6,22.88,18.8,77.5,1.6667
23,1972,1,4.5,21.2,29.2,22.8,19,80,1
24,1972,1,2.9,14.6,28.6,21.92,18.2,82.25,0.66667
25,1972,1.8,6.8,0.5,29.4,23.6,19.5,77.25,1.6667
26,1972,1.6,9.2,0,29.6,23.24,19.4,74.5,1.6667
27,1972,2.2,3.9,0,26.6,22.48,19,86.75,1
28,1972,1,1.2,31.4,25,20.06,17.2,96.5,1
1,1973,0.9,4.1,16.7,26.6,21.52,18.2,89,1.3333
2,1973,1.1,6.5,12.7,29.4,22.92,19.8,88,1
3,1973,1.3,3.7,11.8,27.7,22.94,20.4,86,1
4,1973,1.1,5,0.6,28.4,23.64,20.2,84.5,1
5,1973,1.3,5.9,3.5,30,23.9,19.1,76.75,0.66667
6,1973,1.6,5.7,0,29.8,25.28,20,72,1.6667
7,1973,2.4,6.5,0.2,29.2,22.76,20,83.25,0.66667
8,1973,1.5,9.2,2.1,30.3,23.96,19.5,79,1.6667
9,1973,1.8,7,0,30.8,25.28,20,77.25,1
10,1973,2.1,8.3,0,32.6,26.2,20.7,68.5,0.66667
11,1973,2.2,9,0,33.6,26.6,20,67,1
12,1973,3,6.7,0,32.8,24.86,20.9,85.75,1.6667
13,1973,1.4,5.1,23.5,28.4,23.16,19,88,1
14,1973,1,4.3,2.9,28,21.84,19.2,85,1
15,1973,0.5,7.2,4.6,29.4,23.04,19.2,83,0.66667
16,1973,1.2,10.5,8.2,30,24.6,18.9,73.5,1
17,1973,2,7.1,0,30.4,25.36,21,72.75,1.6667
18,1973,1.8,10.8,0,32,26.2,20.2,59.75,1
19,1973,3,11.3,0,31.4,24.9,19.5,67.25,1
20,1973,2.8,10.1,0,31,24.16,18.5,70.5,1.3333
21,1973,2.2,10.6,0,31.6,25.56,20,66.75,1
22,1973,2.8,10.5,0,31,24.84,19.8,70,0.66667
23,1973,2.3,11,0,31,24.7,19.3,74.25,1
24,1973,2.7,10.4,0,31,24.88,19.4,69,1
25,1973,2.7,10,0,32,24.98,19.5,69.5,1
26,1973,2.8,8.2,0,30,24.02,20.4,75,1.3333
27,1973,2.1,7.5,1.3,30,23.88,19.8,76,0.66667
28,1973,1.5,10,1.5,31.8,24.96,19.2,69.5,1
1,1974,1.7,6,32,NaN,NaN,18.5,81,1
2,1974,2.3,10.2,0,29.8,22.9,18.5,74,1
3,1974,2.8,10.4,0,29,23.5,18.5,67.75,1
4,1974,3.2,11.6,0,30,23.68,18.8,63,1
5,1974,3.5,11.4,0,29.6,23.2,18.2,65,1
6,1974,3.9,11.5,0,29.8,23.9,19.5,64.25,1.3333
7,1974,3.7,9.6,0,28.4,22.82,19.7,60.75,1
8,1974,4.1,9.1,0,28.6,22.14,17.7,67.75,1
9,1974,2.8,8.9,0,28.2,22.36,17.8,69,1.6667
10,1974,3.1,2.4,0,27.3,22.54,18.4,74.25,1
11,1974,2.6,2.7,0.2,26.6,22.48,19.2,80.5,1
12,1974,1.8,4,1,28,22.92,19.2,87.5,1
13,1974,1.6,4.4,9.4,27.4,22.28,20,88,1
14,1974,1.3,10,2,29.4,23.3,18.7,77,1.3333
15,1974,2.9,10.9,0.2,30.4,24.38,19.8,70.5,1
16,1974,3.3,11.2,0,30,23.96,18.8,66.75,1
17,1974,2.7,11.2,0,31,24.26,17.1,63,1
18,1974,3.9,10,0,30.4,23.94,18.1,69.25,1.6667
19,1974,3,8.8,0,30.6,24.28,18.6,69.25,0.66667
20,1974,2.9,11.1,0,31.8,24.8,19.6,60.75,1
21,1974,4.4,11.4,0,31,24.28,18.2,65,1
22,1974,3.2,10.9,0,33.4,25.94,19.7,61.25,1
23,1974,3,9.6,0,31.4,25.2,20.5,64.75,1
24,1974,4.5,8.4,0,31.6,23.64,19.8,77,0.66667
25,1974,1.8,5.2,4.6,29,23.16,19,82.75,0.66667
26,1974,2,8.8,1.7,29.6,24,20.2,77.5,1.3333
27,1974,2.5,8.6,1.4,29.6,24.24,20.4,71.25,1
28,1974,2.3,8,0,29.8,24.7,21,72.25,1
1,1975,2.2,9.6,20,29.8,24.16,18.2,70,1
2,1975,2.2,4.5,25,27,22.12,18.2,90,0.33333
3,1975,1,1.8,4.5,26.4,22.02,19.3,90.75,1.6667
4,1975,0.9,2.7,14.7,25.2,21.44,18.2,91.5,1.6667
5,1975,0.7,2.1,0,26.8,22.22,18.7,90,0.33333
6,1975,0.8,1.2,39.6,26.6,21.18,17.9,93,2.3333
7,1975,0.8,10.1,14.5,29.6,22.38,18.5,86,1.6667
8,1975,1.6,7.9,13.3,30,23.52,18.6,81.75,0.33333
9,1975,1.4,3.5,5.5,27.4,NaN,NaN,89.25,0.33333
10,1975,0.8,4.3,17.7,28.6,22.36,18.4,88.25,1
11,1975,1.5,9.5,23.5,29.6,23.52,17.2,76.25,1
12,1975,1.8,11.4,0,30.2,24.28,19.2,78.75,1.6667
13,1975,2.1,11.2,0,31.7,24.94,18.9,72.75,1.3333
14,1975,2.4,9.3,0,31.5,24.32,19.8,78.25,0.66667
15,1975,1.9,10.9,8.2,31.4,24.2,19.2,71.5,1.6667
16,1975,2,11,2.1,32.2,24.96,18.4,70.25,1
17,1975,2.3,10.6,0,30,24.3,18.8,70,1.6667
18,1975,2.4,8.2,0,30.4,24.7,18.8,69.5,1.3333
19,1975,2.2,10.9,0,30.6,24.68,19.8,69,1.6667
20,1975,2.7,11.3,0,30.4,23.98,18,67,0.33333
21,1975,2.7,10.8,0,30.4,24.12,18.3,66.25,1
22,1975,2.6,9,0,30.4,23.52,18.2,69.5,0.66667
23,1975,2.6,3.7,0.3,27.7,NaN,NaN,85.5,1
24,1975,1,5.1,8.4,27.4,22.02,16.8,84,1
25,1975,1.3,6.1,35.4,28,22.48,18.2,90,0.66667
26,1975,0.9,7.3,20.3,29.2,23.66,18.1,74.5,0.33333
27,1975,1.6,11.1,6.4,29.2,23.3,19,72.25,0.66667
28,1975,2.5,11.2,0,28.6,22.84,17.8,68,1
1,1976,1.5,0,2.3,24.2,20.64,17,83.25,0.66667
2,1976,0.6,2.2,4,26.8,21.12,17.4,89.25,1.3333
3,1976,0.9,1.1,10.6,25.6,20.68,17,87.5,1
4,1976,0.8,1.8,35.5,26.4,21.9,17.5,88.25,1
5,1976,1,6.3,1.6,29.2,23.72,19.6,78.25,1
6,1976,1.8,1.1,26.5,27.2,22.14,18.7,83.25,1
7,1976,1.1,7.6,0.3,26.2,23.06,19.4,83.25,1
8,1976,1,1.5,13.6,30,23.96,18.6,78.25,1
9,1976,2.2,7.5,6.2,29.2,23.16,17.8,75.75,1
10,1976,2.1,7.7,3.6,27.8,22.28,17.8,62.75,2.3333
11,1976,4,9.4,0,27.4,21.18,14.7,56.5,1
12,1976,3.4,9.2,0,28.8,22.64,15.6,61.5,1.3333
13,1976,3.3,9.2,0,30,23.08,15.8,65,1
14,1976,3.4,9.9,0,30,23.06,17.5,65,1
15,1976,3.3,10.1,0,30.6,23.9,16.5,58.5,0.66667
16,1976,3.1,4,0,28.8,23.4,18.8,69.5,1
17,1976,2.4,6.3,4.1,30.4,23.38,17.9,75,1
18,1976,2.2,10.7,0,30.6,23.52,18.4,70,1.3333
19,1976,2.9,10.3,0,29.6,22.6,17.4,64,1.6667
20,1976,3.1,11.2,0,30.8,23.14,15.6,56,1
21,1976,3.7,10,0,31,23.96,16.8,60.75,1
22,1976,3,10.7,0,32.3,25.3,18.2,61.75,0.33333
23,1976,3.1,8.7,0,31,23.2,19,72.5,1
24,1976,2.5,3.3,25.1,27.7,21.44,16.7,88.5,1.6667
25,1976,1,0,5.9,22.5,20.62,18.5,90,0.66667
26,1976,0.6,1.5,13,26.2,21.3,18.5,78.5,0.66667
27,1976,1.2,9,0,27.4,21.8,17.6,71,1
28,1976,2.8,6.1,0,27.6,22.92,19.6,71.75,1
1,1977,2.1,6.7,2.9,27.5,21.38,18.2,87,0.33333
2,1977,1.6,9.8,9,27.6,22.2,16.6,72.5,1
3,1977,2.5,6.3,0,28.4,22.68,18,78.25,0.66667
4,1977,1.9,10.9,0,29.4,23.56,18,66,1
5,1977,3.1,10.9,0,29.9,23.12,17.5,65.75,1
6,1977,3.1,11.5,0,30.2,23.46,17.1,66.5,1.3333
7,1977,3.6,11.3,0,30.6,24.04,17.6,65.5,1
8,1977,4,11.3,0,32,24.76,18,59,0.66667
9,1977,4.2,11.1,0,31.6,24.54,17.4,62.5,0.66667
10,1977,4.8,11,0,29.8,23.12,17,62.5,1
11,1977,4.8,11.1,0,28.4,22.48,16,64,1
12,1977,3.4,10.8,0,30,24.36,17,58,1
13,1977,3.1,10.9,0,30.2,23.14,17.6,62.75,1
14,1977,4,10.2,0,30.6,23.96,17.8,64.5,1
15,1977,3.5,11.3,0,30.6,23.84,19.2,58.25,1
16,1977,4.4,11.5,0,29.6,23,17.4,57.25,1.6667
17,1977,3.2,10.7,0,29.8,23.12,17.7,61,1
18,1977,5.1,11.4,0,30.2,23.66,17.8,60.75,1
19,1977,5.5,9.7,0,29.7,23.58,18.2,60.25,1
20,1977,3,6.1,0,29.4,23.36,19,66.75,1.6667
21,1977,3.6,11.4,0,29,23.08,18,65,1
22,1977,3.2,9,0,30,23.28,18,63,1.3333
23,1977,3.4,12.1,0,30.4,23.58,18,62.75,3
24,1977,5.5,11,0,29.4,22.78,17.3,70,1
25,1977,1.8,9.6,0,30,23.4,18,64.75,1
26,1977,3,6.9,0,29,22.5,17.5,70,1
27,1977,3.2,11.3,0,29.8,23.8,19,62,1.3333
28,1977,3.1,11.2,0,30.4,23.68,18,63.75,1
1,1978,5.1,9.4,0,29.5,23.32,15.8,58,2
2,1978,4.9,11.4,0,31,24.3,18.2,59.25,1.4667
3,1978,5.1,10.9,0,30.2,23.84,17.2,59,1.5333
4,1978,4.9,11.2,0,30.6,24.24,17.8,62,2.1333
5,1978,4.5,9.2,0,30.5,23.04,17.5,71,1.9
6,1978,2.7,1,4.2,26.8,21.36,17,84.5,1.8
7,1978,1.7,6.4,71.5,29.6,22.22,17.1,84,1.9
8,1978,2.1,1.8,25.3,27.1,21.74,17.1,79,1.8
9,1978,2.2,9.5,0,28.6,22.58,15.9,70.75,1.6667
10,1978,5.4,6.9,0,28.3,22.82,17.6,74.75,1.6333
11,1978,2.9,6.1,0,28.6,23.4,17.5,77,2.3667
12,1978,2.6,1.2,3.9,25.9,21.3,18.8,86.75,1.9667
13,1978,1.4,0,12.5,22.5,20.38,18.8,93.5,1.8667
14,1978,0.5,0,164.2,23.6,20.48,17.7,93.5,1.7333
15,1978,0.4,0.9,65.1,25.5,21.14,17.5,88.75,1.5667
16,1978,0.9,3.6,0.6,27,22.28,18.2,81.25,1.5
17,1978,1.3,0,4.4,25.4,21.18,18.8,93.75,1.8
18,1978,0.6,7.2,13.7,28,22.5,18.1,82.25,1.4667
19,1978,1.6,6.9,1,30.6,24.02,18.6,74,1.5333
20,1978,2.2,7,28.5,30,22.62,17.5,80,1.7
21,1978,2.2,8.2,0,30,22.96,17.9,83,1.6333
22,1978,1.9,0.6,38.1,25.5,20.96,18.5,92.25,1.8
23,1978,0.8,0,10.8,23.7,20.36,17.6,96,1.5667
24,1978,0.4,8.2,40,29.1,23.04,18.1,76,1.7
25,1978,2.4,4.7,0,27.9,22.88,19,78.75,1.7333
26,1978,2,1.6,3.5,25.8,21.36,17.8,79,1.8
27,1978,2.2,7.1,0,28.5,21.98,17.9,68.75,2.1333
28,1978,3.1,6.6,0,27.4,21.92,17.2,73,1.8333
1,1979,0.3,NaN,88.9,21.5,19.56,18,94,1.4667
2,1979,NaN,NaN,23.3,21.5,NaN,18.6,NaN,NaN
3,1979,NaN,0.3,1.9,25.5,NaN,19.1,NaN,NaN
4,1979,NaN,0.9,3.6,28.4,NaN,19,NaN,NaN
5,1979,0.3,0,91.8,22.5,20.36,18.4,99.25,1.4667
6,1979,0.3,4.2,71.6,26.7,21.48,17.8,88.25,2.0667
7,1979,0.8,0,3.8,22.3,20.76,19.4,95.25,0.76667
8,1979,NaN,0,35.6,22.3,NaN,10.4,NaN,NaN
9,1979,1.2,8.2,54.7,29,23.06,17.5,77,2.0333
10,1979,2.3,11.5,0,30.9,NaN,17,NaN,NaN
11,1979,2.8,11.4,0,30.4,NaN,18,NaN,NaN
12,1979,2.4,9.6,0,30.6,24.46,18.8,72.5,1.7333
13,1979,2.6,3,0.3,28.3,21.98,18.5,87.75,0.96667
14,1979,1.1,0,28.9,23.1,20.4,15.4,97.75,1.1333
15,1979,0.3,0,30.5,21.1,19.52,18.3,97.25,0.86667
16,1979,0.7,7.9,17.6,30.1,22.74,17.8,80.5,1.7667
17,1979,1.7,9.1,0.3,31,NaN,18,NaN,NaN
18,1979,2.1,4.6,0.2,29.1,23.42,20.2,84.5,2
19,1979,1.1,4.6,33,26.5,22.26,19.6,90.5,1.8
20,1979,0.8,0.7,5.8,26.3,22.16,19.6,90.25,0.96667
21,1979,0.5,0.6,16,26.1,23.24,19.7,93,1.3
22,1979,0.7,9.1,14.7,30,NaN,19.2,NaN,NaN
23,1979,2.4,10.9,0,28.7,23.46,17.3,67.5,2.3
24,1979,2.6,10.6,0,29.1,24.32,17.2,70,1.5667
25,1979,3.7,11.2,0,30,24.1,16.7,72.25,1.6667
26,1979,3,10.4,6.3,29.6,23.88,19.1,69.5,1.6333
27,1979,3,11.4,0,23.9,NaN,17.3,NaN,1.9
28,1979,3.2,9.7,0,30.6,22.64,17.6,68.5,1.9
1,1980,NaN,3.7,0,29.4,23.88,20.2,94,NaN
2,1980,NaN,0,11.2,24.9,22.3,20.4,98.75,NaN
3,1980,NaN,2.7,8.3,30,24.36,20.4,88.5,NaN
4,1980,NaN,7.7,0,28.9,23.86,19,84.75,NaN
5,1980,NaN,11.1,0,31.4,24.52,18.6,83.25,NaN
6,1980,NaN,11.3,0,32,25.46,17.5,87,NaN
7,1980,NaN,9.5,0,33,25.96,20.4,83.75,NaN
8,1980,NaN,9.7,0,31.6,25.5,20.9,72.5,NaN
9,1980,NaN,11.3,0,29.1,24.38,19.8,77.5,NaN
10,1980,NaN,9.9,0,28,23.44,20,87.75,NaN
11,1980,NaN,8.4,0,29.1,23.34,18.2,72,NaN
12,1980,NaN,10.6,0,30.8,24.48,17.8,71.5,NaN
13,1980,NaN,0.1,0,26.7,21.52,19,92,NaN
14,1980,NaN,1.8,1.4,27.1,21.22,16.8,88.75,NaN
15,1980,NaN,2.4,1.8,27.1,21.44,18.7,87.5,NaN
16,1980,NaN,0,0.5,22.6,20.26,18.3,94,NaN
17,1980,NaN,8.1,2.5,26.2,21.36,16.8,86.75,NaN
18,1980,NaN,0,2.8,NaN,19.18,18,97.75,NaN
19,1980,NaN,5.7,14.6,27.5,21.46,18,94,NaN
20,1980,NaN,6.1,2.4,26.1,21.3,17.4,93,NaN
21,1980,NaN,6.3,0,28.9,23.34,17.6,84.75,NaN
22,1980,NaN,4.6,0,29.1,21.68,18,88.75,NaN
23,1980,NaN,9.6,24,30.1,23.58,18,80.5,NaN
24,1980,NaN,10.5,0,30,23.8,17.8,85.5,NaN
25,1980,NaN,6.8,0,28.1,22.98,18.8,89.5,NaN
26,1980,NaN,11.2,0,29.8,23.88,17.7,89.25,NaN
27,1980,NaN,10.3,0,29.4,24.02,19,80.5,NaN
28,1980,NaN,10,0,29.4,24.08,18.7,83.75,NaN
1,1981,1.8,11.5,0.6,30.2,24.16,18.8,75,2.0333
2,1981,4.2,11.5,0,30.2,24.48,19.2,74.25,1.4
3,1981,3,10.5,0,31.8,24.84,18.2,72.75,1.2333
4,1981,4,8.9,0,31.4,24.64,19.2,72.5,1.1333
5,1981,3,8.1,0,31.4,24,18,74,1.6333
6,1981,2.9,8.6,1.7,30.4,25.04,19.2,69,2.4667
7,1981,3.3,3,5.2,28.1,23.06,19.4,72,2.0667
8,1981,3.2,10.9,0,30.4,23.8,18.2,67.75,1.9667
9,1981,3.5,7,0,31.6,22.56,18.4,72.75,1.3333
10,1981,NaN,4.4,14.3,27.5,21.46,17.8,89.5,NaN
11,1981,NaN,7.2,27.8,27.7,21.74,17.4,84.25,NaN
12,1981,2.3,9,0,29.2,23.2,18.8,79,1.6667
13,1981,2.6,11.3,0,30.4,23.6,19,73,2.0667
14,1981,3.5,11.2,0,29.4,23.52,18.2,66.5,2.6333
15,1981,4.1,10,0,28.7,23.26,17.6,70.25,2.1333
16,1981,3.4,9.2,0,27.5,23.3,19.6,73.25,1.6
17,1981,3.5,11.5,0,29.4,23.28,18.4,71,2.2
18,1981,3.9,10.7,0,29.1,23.34,18.8,74.5,2.6667
19,1981,3.4,10.8,0,29.8,23.56,18.4,69.5,2
20,1981,4,8.9,0,27.9,22.5,18.2,75.5,2.0333
21,1981,3.5,9.5,0,29.4,23.52,18.8,72.5,1.6667
22,1981,3,9.9,0,28.3,22.34,17.4,72,2.3
23,1981,4.2,9.7,0,28.1,22.26,17.2,72.5,1.6667
24,1981,3.1,10.8,0,28.9,22.94,18.6,71.75,2.7667
25,1981,3.9,9.9,0,28.9,22.5,17.6,71.75,2.3
26,1981,3.4,1.4,0,25.7,21.94,18,73.25,2
27,1981,3,10.8,0,30.2,23.4,17.6,66,1.8
28,1981,4.3,8.8,0,31,23.2,17.6,77.75,2
1,1982,3.3,3.3,0,26.3,21.74,18.4,88.5,1.6667
2,1982,2.6,5.6,1,26.1,21.02,18.2,88.5,1.3667
3,1982,3.3,9.3,0,28.5,22.58,17.2,83.75,2.0333
4,1982,3.7,8.5,0,30,23.92,18.4,84.5,1.6667
5,1982,3.7,6.2,2.8,28.9,22.7,17.6,93.5,1.1333
6,1982,2.6,1.6,12,26.5,22.86,19.2,92,1.2
7,1982,2.7,7.3,0,29.1,23.5,18.6,84.25,1.7333
8,1982,4.5,9,0,30,23.8,18.2,84.75,1.8333
9,1982,4.1,10.9,0,30,23,17.4,77.75,1.7667
10,1982,5,10.1,0,29.8,23.12,19.2,85.25,1.6333
11,1982,4.4,9.7,0,30,23.28,18.2,82.5,2.3667
12,1982,5.3,10.3,0,28.9,22.7,17.2,84.25,1.9333
13,1982,5,9.3,0,28.9,22.58,17.4,82.5,2.2
14,1982,5.3,11.4,0,29.4,23.36,18.2,85,1.8667
15,1982,4.8,11.3,0,30.4,24.16,18.8,81.25,2.0667
16,1982,4.9,11,0,30.2,24.24,19.2,68,1.6333
17,1982,5.2,10.8,0,28.9,23.38,17.8,84.25,2.7
18,1982,5.7,10,0,29.1,23.02,18.4,77,2.4
19,1982,4.6,11.2,0,30,23.4,17.4,77.25,2.0667
20,1982,5.4,8.2,0,29.6,23.32,18,79.75,1.9333
21,1982,5.1,11.5,0,31.1,24.18,18,79.75,1.9667
22,1982,5,9.9,0,31.4,24.28,18.4,78.75,2.0333
23,1982,4.9,8.6,0,31.8,24.64,18,78.25,1.3667
24,1982,5.1,7.9,0,30.2,22.96,18.8,84.5,2
25,1982,3,4.1,18.6,29.4,22.96,18.8,90,0.6
26,1982,2.3,3.4,7.6,30.6,23,19.4,75.5,3
27,1982,1.8,4.8,8.4,28.9,23.86,19.4,86,0.8
28,1982,2.4,2.9,1.6,29.6,23.36,20.4,88.75,2.2333
1,1983,1.7,0,0.2,26.3,21.94,19.2,86.5,1.5
2,1983,2.5,0,5,22.1,19.58,18.4,95.25,1.4
3,1983,0.9,0.4,12.4,24.9,20.34,17.6,90.5,0.8
4,1983,2,7.8,0.4,28.9,23.14,18.6,81,1.0667
5,1983,2.9,6.3,0,28.5,23.14,18.8,85,1.6333
6,1983,3.3,8.1,0,29.4,23.96,19.8,76,1.3
7,1983,3.7,2.3,0,28.3,22.98,19.4,83.75,1.1667
8,1983,3,0,0,24.9,21.54,19.6,86,0.76667
9,1983,1.6,2.3,12,26.9,20.86,18,88.5,0.96667
10,1983,1.2,0,50,23.3,20.38,18.8,98.25,3
11,1983,0.6,1.1,51.8,25.1,20.82,18.2,96,1.2
12,1983,0.7,5.3,26.8,28.1,22.46,19.2,93.75,1.2
13,1983,1.6,4.3,27.4,28.7,23.06,18.8,87.5,1.2333
14,1983,2.2,1.1,2.3,31,24.24,19.8,75.25,1.7333
15,1983,4.4,11.6,0,31,23.8,17.6,80.75,1.1
16,1983,3.8,11.5,0,30.2,23.44,17,79.75,1.0667
17,1983,4.1,10.1,0,31.4,23.88,18.6,81.5,1.2667
18,1983,NaN,11.5,8,31.2,23.96,18.8,79.25,NaN
19,1983,3.7,11.3,0,30.6,24.12,18.4,66,2.2333
20,1983,4,6.5,0,29.2,22.96,19.6,82.5,1.7
21,1983,4.1,10.2,0,30.2,23.68,18.4,72,1.1
22,1983,2.2,9.4,0,30,23.76,20.2,71.75,1.3
23,1983,3.3,10.6,0,29.1,23.54,18.6,70.5,1.6
24,1983,NaN,7.8,0,30.4,24.24,18.6,72.5,NaN
25,1983,2.8,7.9,0,30.8,24.52,19.6,71,1.6333
26,1983,3.2,3.8,0,29.2,23.36,20.4,77.25,1.6333
27,1983,2.3,8.7,0,31,23.76,20.2,78.75,0.8
28,1983,2.3,9,32.2,30,23.32,19.6,81,2.2
1,1984,NaN,NaN,0,32,NaN,19.8,NaN,NaN
2,1984,NaN,NaN,0,31.4,NaN,20.5,NaN,NaN
3,1984,NaN,NaN,0,31.8,NaN,20.6,NaN,NaN
4,1984,NaN,NaN,0,29.9,NaN,20.2,NaN,NaN
5,1984,NaN,NaN,0,31.8,NaN,19.9,NaN,NaN
6,1984,NaN,NaN,0,31.8,NaN,20,NaN,NaN
7,1984,NaN,NaN,0,31.8,NaN,20.5,NaN,NaN
8,1984,NaN,NaN,0,30.6,NaN,18.7,NaN,NaN
9,1984,NaN,NaN,1,29.8,NaN,17.8,NaN,NaN
10,1984,NaN,NaN,0,31,NaN,19.6,NaN,NaN
11,1984,NaN,NaN,0,31,NaN,19.1,NaN,NaN
12,1984,NaN,NaN,1.6,28.9,NaN,19,NaN,NaN
13,1984,NaN,NaN,0,30.4,NaN,19.7,NaN,NaN
14,1984,NaN,NaN,0,31.6,NaN,20.6,NaN,NaN
15,1984,NaN,NaN,0,31.6,NaN,20.1,NaN,NaN
16,1984,NaN,NaN,0,31.6,NaN,20.2,NaN,NaN
17,1984,NaN,NaN,0,31.4,NaN,19.9,NaN,NaN
18,1984,NaN,NaN,0,32.7,NaN,19.7,NaN,NaN
19,1984,NaN,NaN,0,31.2,NaN,19.2,NaN,NaN
20,1984,NaN,NaN,0,30.6,NaN,19.8,NaN,NaN
21,1984,NaN,NaN,0,31.4,NaN,18.9,NaN,NaN
22,1984,NaN,NaN,0,31.6,NaN,20.8,NaN,NaN
23,1984,NaN,NaN,0,32,NaN,19.2,NaN,NaN
24,1984,NaN,NaN,0,31.8,NaN,19.6,NaN,NaN
25,1984,NaN,NaN,0,31.8,NaN,19.6,NaN,NaN
26,1984,NaN,NaN,1.4,32.9,NaN,17.8,NaN,NaN
27,1984,NaN,NaN,0,32.6,NaN,20.3,NaN,NaN
28,1984,NaN,NaN,0,32.6,NaN,20.3,NaN,NaN
1,1985,NaN,NaN,5,31.6,NaN,19.6,NaN,NaN
2,1985,NaN,NaN,0,31.3,NaN,19.9,NaN,NaN
3,1985,NaN,NaN,0,31.7,NaN,18,NaN,NaN
4,1985,NaN,NaN,0,32.4,NaN,17.9,NaN,NaN
5,1985,NaN,NaN,0,33.4,NaN,17.8,NaN,NaN
6,1985,NaN,NaN,0,31.2,NaN,20,NaN,NaN
7,1985,NaN,NaN,1.4,30.4,NaN,18.7,NaN,NaN
8,1985,NaN,NaN,0.4,29.6,NaN,19.4,NaN,NaN
9,1985,NaN,NaN,3,28.7,NaN,20.4,NaN,NaN
10,1985,NaN,NaN,0,29.4,NaN,19.4,NaN,NaN
11,1985,NaN,NaN,19.9,30.4,NaN,19.7,NaN,NaN
12,1985,NaN,NaN,0,31.4,NaN,18.8,NaN,NaN
13,1985,NaN,NaN,0,31,NaN,19.3,NaN,NaN
14,1985,NaN,NaN,0,31.6,NaN,19.1,NaN,NaN
15,1985,NaN,NaN,0,31,NaN,18.4,NaN,NaN
16,1985,NaN,NaN,0,30.2,NaN,19,NaN,NaN
17,1985,NaN,NaN,0,31.9,NaN,18.8,NaN,NaN
18,1985,NaN,NaN,0,31.4,NaN,18.6,NaN,NaN
19,1985,NaN,NaN,0,29.7,NaN,18.1,NaN,NaN
20,1985,NaN,NaN,0,31.2,NaN,17.2,NaN,NaN
21,1985,NaN,NaN,0,31.4,NaN,19.4,NaN,NaN
22,1985,NaN,NaN,4,29.4,NaN,19.3,NaN,NaN
23,1985,NaN,NaN,40,23.1,NaN,19.4,NaN,NaN
24,1985,NaN,NaN,35.4,25.9,NaN,19.6,NaN,NaN
25,1985,NaN,NaN,22.9,28.9,NaN,20,NaN,NaN
26,1985,NaN,NaN,92.6,25.7,NaN,19.5,NaN,NaN
27,1985,NaN,NaN,0.4,24.8,NaN,19.1,NaN,NaN
28,1985,NaN,NaN,8.3,29.7,NaN,18.5,NaN,NaN
1,1986,4.7,11.2,0,30.7,24.34,18.8,59,0.96667
2,1986,4.8,8.3,0,31.2,24,19,62,1.1
3,1986,5,9.2,0,30.6,24.04,18.4,61.25,1.7667
4,1986,4.2,6.2,1.2,29.6,22.72,18.8,74.25,1.5667
5,1986,3.4,1.5,13.4,24.9,21.34,17.6,78.25,0.43333
6,1986,1.2,1.5,21,26.5,21.74,17.6,81,0.66667
7,1986,1.8,6.3,1,30.2,23.32,18.4,73.25,1.2667
8,1986,3,9.5,1.4,31,24.72,18.6,62.25,1.2
9,1986,3.8,10.6,0,31.2,24.8,19,64.75,1.3
10,1986,3.6,10.1,0,31.2,24.84,19,62.75,1.0333
11,1986,4.2,9.6,0,31.4,25.04,18,62,1.1667
12,1986,4.2,6,0,29.8,24.48,19.8,67.5,1.6333
13,1986,3.5,1.2,0.6,27.7,22.62,18.2,76.25,0.9
14,1986,2.3,2,0,28.3,22.22,18.8,87.75,0.76667
15,1986,1.4,2.1,10.6,26.6,21.08,18.2,89.75,0.43333
16,1986,1.2,2.2,3.8,25.8,21.64,18.2,90.75,1.2
17,1986,2.6,1.5,1.8,26.9,21.82,18.4,91.25,1.6667
18,1986,1.4,1.5,31.6,25.9,21.82,19.2,91.5,1.3
19,1986,1.4,3.6,11.8,27.5,22.34,19.4,87.25,1.7
20,1986,2.6,8,0,30.8,24.64,18.6,72.75,1.2
21,1986,2.8,9.8,0,30.8,24.08,19.2,56.75,1.4333
22,1986,4.2,10.4,0,30.7,23.74,17.8,62.5,1.4667
23,1986,4,10.5,0,30.6,24.36,18.2,59.25,0.93333
24,1986,4.4,11,0,30.4,23.8,18.2,63,1.4667
25,1986,4,10.2,0,30.6,24.4,18.4,64,0.93333
26,1986,4,6,0,30.2,24.36,18.6,71.75,0.93333
27,1986,3,9,0,31.8,24.92,19.4,62,0.96667
28,1986,4,7,0,30.8,24.44,18.4,66.75,1.3
1,1987,NaN,NaN,0,31.5,25.3,20.6,63.75,NaN
2,1987,NaN,7.8,0,32.1,26.54,21,62.75,NaN
3,1987,NaN,7.7,0,32.5,27.06,22.8,55.5,NaN
4,1987,NaN,2,0,29.7,25.14,22.6,70.5,NaN
5,1987,NaN,6.4,0,31.9,26.06,21,60.25,NaN
6,1987,NaN,3.1,0,29.5,25.5,21.4,61.75,NaN
7,1987,NaN,7.8,0,32.1,26.7,21.8,57.25,NaN
8,1987,NaN,8.9,0,31.7,26.86,22,56.75,NaN
9,1987,NaN,7.1,0,30.5,24.34,21,58.75,NaN
10,1987,NaN,0,38.7,23.7,19.34,15.6,88.75,NaN
11,1987,NaN,0.6,4.3,22.3,18.82,15.6,77.25,NaN
12,1987,NaN,6.8,0.2,25.7,21.62,16,66.25,NaN
13,1987,NaN,1,0,25.3,21.94,18.4,67.75,NaN
14,1987,NaN,9.2,0,28.3,23.62,18.6,66,NaN
15,1987,NaN,6.6,0,28.3,24.1,20.4,66.75,NaN
16,1987,NaN,5.3,0,28.1,22.54,19.6,78.25,NaN
17,1987,NaN,2.6,29,28.9,22.94,17.2,69,NaN
18,1987,NaN,2.5,0,28.9,23.9,21,66.5,NaN
19,1987,NaN,10.6,0,29.9,24.34,19.6,62,NaN
20,1987,NaN,9.6,0,29.1,24.14,20.2,62.5,NaN
21,1987,NaN,10.2,0,28.7,24.02,20,60.25,NaN
22,1987,NaN,11,0,30.7,25.28,20.1,55.5,NaN
23,1987,NaN,11.5,0,29.9,24.98,19.8,60.75,NaN
24,1987,NaN,10.3,0,30.3,25.34,20.6,61.25,NaN
25,1987,NaN,9.6,0,29.4,24.56,20,62.5,NaN
26,1987,NaN,7.8,0,30.7,24.82,20,60.5,NaN
27,1987,NaN,10,0,30.3,24.78,20,62.25,NaN
28,1987,NaN,9,0,31.3,24.94,20.4,61.75,NaN
1,1988,3.6,5.7,35.2,30.1,23.06,19.4,79.75,1.1333
2,1988,3.9,3,5.2,28.5,23.18,19.6,74.75,1.4333
3,1988,2.3,1.2,9.6,28.1,22.14,19.2,71.75,1.4
4,1988,1.8,1.4,12,26.1,22.34,19,82.75,0.9
5,1988,1.5,1.4,18.3,27.1,21.7,18.4,87,1.1667
6,1988,1.5,4.1,17.8,28.9,22.14,17.8,75.75,1.4333
7,1988,3,5.3,1.4,29.5,22.54,19.6,76.75,1.3333
8,1988,2.5,3.9,63.6,28.3,21.62,17.4,79.25,1.4333
9,1988,2.8,3.7,1.6,29.6,22.84,19.2,75,1.5333
10,1988,2.3,3.5,40.3,28.3,22.82,19.2,71.5,0.86667
11,1988,1.8,0.1,60.2,25.1,21.86,19,85.25,1.7667
12,1988,2,4.3,13.6,27.9,22.22,18.4,70.25,1.3667
13,1988,2.2,9.9,3.4,29.5,23.82,19,67.25,2.6333
14,1988,4.4,8.3,0,29.5,24.1,20.2,63,2.5
15,1988,4.9,5.9,0,28.8,23.52,20.4,68,1.4
16,1988,3.3,2.6,0,27.8,23.36,20,70.25,1.3
17,1988,2.6,2.7,0,27.3,23.18,20.6,76.75,0.6
18,1988,1.6,5.7,7,29.1,24.46,20.2,69.25,1.3
19,1988,3.6,5.6,0,30.5,25.58,22,70,2.8
20,1988,5.6,0.9,3.3,27.3,24.22,22.6,68.25,1.7333
21,1988,4.5,5,0,29,24.56,21,69,2.1333
22,1988,5.4,8.3,0,31.1,25.1,20.6,60.75,2.8667
23,1988,6.7,6.9,0,30.9,24.02,19,65.25,2.7
24,1988,5.5,7.9,0,29.7,24.5,19.2,59.75,1.8
25,1988,5.5,8.3,0,30.5,24.94,20.4,61,2.1
26,1988,6.4,6.1,0,30.1,24.42,20.6,64,1.4667
27,1988,5,9.4,5.2,29.7,24.06,19.6,62.25,2.1667
28,1988,7.4,9.7,0,29.3,23.22,13.6,60.75,2.6
1,1989,7.7,6,0,31.6,25.4,21.4,73.75,0.56667
2,1989,5.6,5.1,5.6,29.4,23.36,21,77.5,1.9667
3,1989,3.9,5.3,8,29,22.92,18.8,81.75,1.5
4,1989,3.3,4.8,24.4,29.6,22.76,18.2,83.5,2.4667
5,1989,3.2,3.7,10.5,28.4,21.64,19,88,1.2667
6,1989,1.9,2.3,22.1,27.6,22.52,19,88.75,1.5667
7,1989,2.1,1.3,18,26.8,21.36,18.8,90.75,1.8667
8,1989,1,4.4,27.9,26,21.84,18.2,80.5,1.8
9,1989,2.1,1.4,11.6,26.4,21.56,19,87.25,1.2667
10,1989,2.4,5.6,7.2,28.2,22.84,19.4,82.25,1.1333
11,1989,3.2,2.5,5,27.2,22.32,18.8,88,1.6333
12,1989,1.5,7.7,39,30,23.16,18.8,88,1.2333
13,1989,3.7,4.1,6.8,29,23,20.6,84.25,1.9
14,1989,2.4,2.9,3.8,29,22.32,19.4,87,0.8
15,1989,2.4,2.6,27.8,28.6,23.24,19.6,83.5,1.0667
16,1989,3.9,5,0,30,23.76,21.4,83.5,1.3667
17,1989,3.7,7.1,1.8,30.6,23.88,21,80.25,1.3667
18,1989,3.3,10.4,57.4,30.6,24.6,19.2,73.5,1.7333
19,1989,6.6,10,0,31.4,25.08,20.4,73,1.6
20,1989,6.3,11,0,32,25.56,21.2,72.75,1.4
21,1989,5.5,10.8,0,33.2,27.18,20.8,64.5,1.6
22,1989,5.6,7,10.5,32,24.38,20.9,79,1.6333
23,1989,4.7,1.8,11.2,28.8,23.12,20.2,83,1.2667
24,1989,2.7,6.7,0,30.6,25.08,20.2,77.5,1.9
25,1989,4.6,4.4,0,30.4,25.16,21,75.5,1.4667
26,1989,4.5,8.1,0,31,25.76,21.8,76.25,1.0333
27,1989,5,9.1,0,30.6,25.52,22.2,71.25,2.2667
28,1989,6.5,9.8,0,30.6,25.4,21.4,70.5,1.9
1,1990,9.9,10.9,0,30,24.76,21.2,52.5,2.0333
2,1990,11.5,11.2,0,28.3,23.94,19.8,61,2.1667
3,1990,8.5,11.2,0,29,24.28,19.8,62.25,2.4
4,1990,7.5,11.3,0,29.2,24.2,20.2,60.75,2.5
5,1990,9,10.8,0,29.2,24.2,20.4,58,1.6667
6,1990,9.3,11.1,0,29.6,24.32,20,57.25,1.9333
7,1990,9.7,10.2,0,32,26.04,20.4,57.75,2.0667
8,1990,9.1,10.8,0,33.5,27.34,21.4,61.25,1.2
9,1990,8.2,8.4,10.8,32.4,25.48,18.8,64.5,0.66667
10,1990,8.2,8,0,31.2,25.4,20.4,73.75,1.6
11,1990,5.8,5,0.8,30,23.54,18.5,81.25,1.5333
12,1990,4.5,5.9,40.2,29.8,23.88,18.4,84.5,0.86667
13,1990,3,3.3,3,27.8,23.72,21,80.25,0.43333
14,1990,2.1,2.6,27,27.8,22.76,18.8,88.75,0.96667
15,1990,1.6,3.1,4.8,27.8,22.32,19.6,87,1.7
16,1990,2.5,4.1,40.4,29.8,24.12,19.4,86.5,1.0333
17,1990,2.5,8.9,0,29.8,24.08,20.2,83,1.3
18,1990,3.3,5.4,4.6,27,23.96,21,83.75,0.43333
19,1990,1.9,5.8,9.6,31,24.6,21.2,77.25,1.0333
20,1990,5.3,10.1,0,27,22.96,19.2,70.5,1.8
21,1990,5.7,8.8,0,30,24.04,20,77.5,1.0667
22,1990,4.1,3.7,0,27.4,23.84,21,83.75,1.2333
23,1990,2.9,0.8,30,24,20.76,18,93,1.2
24,1990,1.2,6,19.1,27.8,21.92,18.4,84.5,1.0333
25,1990,2.3,2.1,0.2,26.4,21.8,18.6,91,1.7667
26,1990,1.5,1.1,8.4,25.4,22.04,19.6,86.5,1.5667
27,1990,2,8.5,0.6,30,24.04,19.2,79.75,1.0333
28,1990,4,5.9,3,28.9,24.36,21.8,65.25,1.2
1,1991,1.8,8.2,24.8,29.7,24.3,19.2,72,1.6667
2,1991,6.6,9.2,0,29.2,NaN,20,NaN,1.6
3,1991,5,8.5,0,29.4,24.16,20,63,1.9
4,1991,5.3,7.4,0,28.8,23.84,20,70.75,2
5,1991,5.7,9.5,0,29.6,24.52,20.2,59,2.5667
6,1991,6.5,4.8,0,29.4,24.24,20.4,61.75,2
7,1991,5.6,9.7,0,29.8,25.3,20.5,57.75,2.3333
8,1991,6.4,9.1,0,29.8,22.88,20.2,76.5,2.6667
9,1991,4.2,4.8,2,27.4,23,20,85.75,0.73333
10,1991,2,4.6,35.8,28.6,22.08,19.6,83,0.43333
11,1991,1.8,4.7,8.6,29,23.28,19.6,83.75,0.96667
12,1991,2.2,6.9,6,31.1,24.5,21.8,79.25,1.3333
13,1991,2.9,9.2,1.2,31.4,25.16,20,68.5,2.0333
14,1991,4.5,7.1,0,30.8,24.68,21,70.75,2.0333
15,1991,3.5,6.4,1.2,29.2,23.96,19.8,75.25,1.4667
16,1991,2.9,1.3,32.6,27,22.72,19.4,83.75,1.6333
17,1991,2,2.9,35.6,29.2,23.16,19.4,84.25,1.5333
18,1991,2,7.7,6.6,29.8,24,21,77.25,1.5333
19,1991,3.2,6.1,37,28.8,23.42,19.3,75,1.5333
20,1991,3.3,7.8,0,29,22.48,17.6,76,1.8667
21,1991,3,8.6,27.4,27.6,22.7,17.6,73.25,1.8
22,1991,5.5,10.3,0,29.3,24.72,20.9,69,1.7333
23,1991,4,5.7,0,29.6,24.94,21.9,76.25,1.7333
24,1991,3.7,4.7,8.7,26.9,21.78,19.2,80.25,1.9333
25,1991,2.9,6.3,15.3,27,21.48,18.8,77.75,1.9
26,1991,3.4,4.9,0,26,22,18.4,72.25,1.9
27,1991,3.3,5.6,0,27.1,22.8,18.4,67.75,2.1667
28,1991,4.4,0.5,0,24.8,21.42,19,82.25,1.6667
1,1992,2.1,0.7,4.4,22.7,20.8,19.1,80.5,1.6
2,1992,4,0,3.2,21.1,19.1,18,91,2.0333
3,1992,1.6,0,32,28.5,19.74,16.8,91,2.7
4,1992,0.9,0,51.2,19.9,18.54,16.6,91.75,2.1333
5,1992,1.4,1,10.4,26,21.2,17,84.25,1.4667
6,1992,2.1,2,10.7,24.4,20.64,18.2,80.75,2.9
7,1992,3.5,0,0,22.8,19.76,18.2,87.25,2.2
8,1992,2.3,1.2,7,23.5,20.22,17.8,75.75,2.7333
9,1992,3.6,0,0,22.8,19.28,17.6,90.5,2.5333
10,1992,1.6,5.4,12,26.4,21.08,16.8,65.25,2.4667
11,1992,5,8.4,0,27.3,22.14,17.6,58,2.5333
12,1992,7,8.5,0,26.3,22.22,18.8,62,2.0667
13,1992,6.5,10.1,0,28.2,23.32,18.4,58.25,2.1333
14,1992,7.2,10.5,0,28.5,23.74,19,53.5,2.7667
15,1992,7.1,10.6,0,28.3,23.46,18.8,56.75,1.8333
16,1992,7.2,10.3,0,28.6,23.92,18.6,55.25,2.9
17,1992,7.4,10.6,0,28.7,23.82,19.4,59.25,3.2333
18,1992,8,10,0,29.6,24.32,19.8,56.25,2.9667
19,1992,6.3,9.6,0,29.9,24.54,19.6,52,1.9667
20,1992,8.5,9.4,0,28.4,23.96,19.8,54.5,2.9333
21,1992,8.2,8.4,0,30.7,25.02,20,54.75,2.0333
22,1992,5.3,7.2,0,29.8,24.88,20,57,1.4667
23,1992,7,10.4,0,29.7,24.54,19.8,53.75,2.4
24,1992,7.2,5.4,0,29.5,24.58,19.4,59.75,2.1333
25,1992,5.6,6.9,0,30,24.76,19.6,61.75,1.7
26,1992,4.4,0.1,6.6,25.7,21.42,19.8,86,0.8
27,1992,1.4,7.3,29,30.9,24.54,19.8,65.25,1.4
28,1992,3.4,6,6.4,29.9,21.98,18.8,79.25,1.2
1,1993,7.3,8,0,29.2,24.22,20,60,1.4
2,1993,7,6.5,0,28.3,24.12,19.6,60.5,1.9
3,1993,5.7,2.7,0,26.8,21.42,19.2,88,1.3333
4,1993,2.3,3.8,14.2,26.8,21.78,18,85.25,1.8
5,1993,1.6,0.8,40.2,25.7,21.26,18,93,0.8
6,1993,2.4,2.1,20.4,26.5,22.7,19.4,76.75,1.6333
7,1993,3.5,8.3,0,29.1,24.38,20,68.5,1.6
8,1993,4.2,2.3,1.8,26.8,22.94,19.2,78.75,0.9
9,1993,3.3,9,0,30.2,25.14,20.6,60,2.2
10,1993,6,6,0,28.2,24.18,20.4,75.5,1.8
11,1993,4.1,7.5,4,28.3,23.84,19.4,65,1.7333
12,1993,4.9,8.1,0,28.8,22.38,19.2,75.25,1.6667
13,1993,2.8,2.4,36.2,26,21.18,17.6,82.25,1.6667
14,1993,2.7,1.3,5.6,25.1,20.56,18.4,96,1.1333
15,1993,1.2,0,19.2,22.8,20.34,19,89.25,1.3
16,1993,1.3,0.7,3.6,26.4,21.98,18.2,70.75,2.4
17,1993,4.9,10.4,0,28.4,23.62,19.6,62,2.9667
18,1993,6.4,8.9,0,28.3,23.48,20,65.5,2.4333
19,1993,7,10.2,0,27.3,22.88,19.2,64.75,2.8667
20,1993,6.1,8.9,0,29.7,24.2,19.6,61,2.4333
21,1993,5.9,8.4,0,30.7,25.32,20.6,61.5,2.1333
22,1993,4.6,6.9,6.2,28.4,23.46,18.4,77.5,0.8
23,1993,3.5,5.6,19.2,29.2,23.66,19.8,67.5,1.4
24,1993,4.1,4.8,0.8,27.2,22.7,19.2,75.75,1.1333
25,1993,3.5,4.3,0,28,22.74,20.4,75.75,2.0667
26,1993,3.3,5.6,15.1,27.4,22.66,19,78,1.6333
27,1993,3,5,11.5,29.2,23.7,19.4,70.25,0.86667
28,1993,4.1,8.8,19.9,30.5,23.16,18,73.75,1.6
1,1994,5.2,10.9,0,30.6,25.18,21.2,57,2.4667
2,1994,8.2,10.6,0,30.8,25.6,21.3,54,2.5
3,1994,5.1,9.9,0,31,25.46,21,52.5,2.3667
4,1994,7.8,11.4,0,30.2,25.54,20.8,60,1.6667
5,1994,7.7,8.9,0,31,26.14,21.6,61.25,1.9
6,1994,6.4,10,0,31.1,25.9,20.8,55.75,1.5
7,1994,7.9,11.4,0,30.6,25.66,22,53.5,2.4
8,1994,7.7,9.1,0,30.3,25.24,21.2,61,1.8667
9,1994,6.5,8.6,0,30.1,25.36,21.6,61.75,1.5333
10,1994,6.2,9.7,0,30.4,26.02,21.6,58.25,1.6
11,1994,6.4,10.4,0,31,26.54,21.2,52,2.1333
12,1994,8.4,10.1,0,31.5,26.44,23,57.5,2.9
13,1994,7.2,10.5,0,31.8,26.62,22,58,1.3667
14,1994,5.2,10.7,9.4,32.7,25,20.4,67,1.8333
15,1994,5.2,11,45.2,31,25.62,20.6,62.25,1.6667
16,1994,6,11.2,0,30.9,26.4,22.8,58.25,1.5333
17,1994,6.4,10.4,0,32,27.3,22,52.75,1.5667
18,1994,7.2,10.3,0,33,27.22,22,48.25,1.6333
19,1994,8.9,9.5,0,30.5,26.04,21.4,50,2.2667
20,1994,8.4,11.1,0,30.4,26.26,21.4,47,2.1667
21,1994,8.3,11.1,3.2,29.1,25.84,20.6,49.75,2.4
22,1994,7.4,10,0,28.8,23.9,20,60.25,1.9333
23,1994,6.5,9.3,0,28.3,23.94,19.8,58,1.6333
24,1994,6.8,9.1,0,28.5,24.12,20,63.75,1.5
25,1994,5.2,9.2,5.2,29,24.7,19.8,66,0.7
26,1994,5.5,9.3,0,31.1,25.1,21.8,64.75,1.9333
27,1994,4.1,8.4,21.2,31.1,25.44,19,60.75,0.53333
28,1994,4.8,6.2,12,31.1,24.56,19.2,65.5,0.96667
1,1995,4,NaN,1,24.8,21.38,19.4,92.5,0.46667
2,1995,0.6,4.5,49.1,27.1,21.84,17.6,83,1.0667
3,1995,2.1,NaN,16.5,26.6,22.02,19.2,79,0.96667
4,1995,3,7.6,1.8,30.3,25.06,20.7,57.75,2.0333
5,1995,8,NaN,0,28.2,23.96,20.9,56.75,2.0333
6,1995,6.6,8,0,30.4,25.02,19.4,59,1.6667
7,1995,5.4,2.1,30,27,21.3,19,98,0.96667
8,1995,2.8,0.4,1.2,23.7,21.48,20,91,1.6333
9,1995,1.3,NaN,26.4,25.3,22.28,18.6,80.75,1.6
10,1995,3,2.3,3.3,25.3,21.58,20.3,87.5,1.7333
11,1995,1.3,1.1,15,24.4,20.98,18.6,93.75,0.53333
12,1995,0.8,3.3,28.8,26.6,21.94,19.4,89,0.6
13,1995,1.9,2.2,8.4,27.2,23.1,20.2,93.5,0.2
14,1995,1.3,6.3,0.3,29.3,23.44,20.8,79,1.2
15,1995,3,2,10.6,28.2,21.14,18,88,0.93333
16,1995,1.3,8.7,29.8,29.9,23.92,18.6,72,1.3667
17,1995,4.3,10.1,0,30.9,25.68,20.8,63.25,1.4
18,1995,5.3,5.3,0,29.1,24.08,21.6,80.75,1.0667
19,1995,3,NaN,2.3,30.8,24.7,20.8,71.5,1.2333
20,1995,4.2,7.4,10.6,29.2,24.5,19.2,65.75,1.9667
21,1995,5.3,8.7,0,27.7,23.52,20.4,66.5,1.7667
22,1995,6.4,11.1,0,29.4,24.42,19,59.5,1.5333
23,1995,5.8,11.5,0,31.7,26.16,19.8,56.5,2.1667
24,1995,8,11.4,0,31.3,26.24,20.8,51.75,1.7667
25,1995,7.5,11.5,0,31.7,26.54,20.8,48.25,1.8
26,1995,9.5,10.6,0,31.6,26.5,22.2,49.5,0.93333
27,1995,5,NaN,0,29.9,25.28,21.8,59.25,1.7333
28,1995,8.4,11.2,0,31.2,25.86,21.4,55.5,1.5
1,1996,5.2,9.4,10.4,33,25.86,21,56.5,1.1333
2,1996,5.5,4.8,38.2,31.2,23.26,18.6,76.25,2.6333
3,1996,3.1,2.3,14.7,28.1,24.2,19.8,70.25,0.93333
4,1996,4.4,2.4,0,26.3,22.76,20.6,86.25,1.6
5,1996,2.5,3.7,3.9,27.4,22.82,20.4,81.25,1.2333
6,1996,1.9,0.6,14.4,24.2,21.34,18,88,1.1333
7,1996,1.3,6.6,10,28.4,24.94,20.6,70.25,1.5
8,1996,3.8,5.1,1.2,31.6,25.98,21.6,61.5,1.1333
9,1996,5.3,7.3,0,31.4,26.86,22.4,61.75,1.3667
10,1996,6.3,7.8,0,32.6,23.58,18.7,71.25,1.5333
11,1996,4.1,NaN,55.6,27.7,23.22,18.4,67.75,1
12,1996,3.3,8.3,0,30.1,24.84,21.2,65.25,1.0667
13,1996,5.4,10.2,0.8,29.3,24.76,21,61.5,1.8333
14,1996,5.9,11.1,0,29,24.26,20,53.75,2.1333
15,1996,5,9.2,0,28.4,24.38,20,52.25,2.3667
16,1996,9,10.5,0,28.6,24.46,20.4,58.5,1.8333
17,1996,7.5,11.1,0,29.7,24.66,20.2,54.75,1.7333
18,1996,8,11.1,0,29.8,25.16,20.8,55.75,1.9
19,1996,9,11.2,0,29.4,25.16,21.5,58.5,2.6333
20,1996,7.8,9.3,0,32.3,23.66,19.3,73.25,3
21,1996,5.2,7.1,34.7,27.1,23.88,19.2,73.75,1.4667
22,1996,4.6,4.6,0,29.2,24.9,20.8,65.25,1.2667
23,1996,4.6,5.2,2.3,29.6,24.42,20,68.75,1.3667
24,1996,4.3,10.9,0,31.4,25.06,20.8,70.75,1.0667
25,1996,4.6,6.1,4.2,28.7,23.36,20.2,80.25,1.0667
26,1996,8.5,3.7,11.5,28.6,22.98,20.2,85.5,1.6667
27,1996,4.4,8.2,3.1,29.6,24.78,20.2,55.75,1.6333
28,1996,7,10.7,0,28.4,24.38,19.8,59,2.0667
1,1997,2.7,4.3,10.2,27.4,21.76,18.4,80.5,1.2667
2,1997,3.4,0,5.2,25.8,21.78,18.8,88.25,1.6667
3,1997,3,9.3,0,29.1,24.3,19.2,80,1.9
4,1997,6.6,10.3,0,28.3,23.82,20.2,78,2.0333
5,1997,8.2,11.5,0,28.1,23.22,19.2,74,2.2333
6,1997,8.3,10.5,0,27.4,23.32,19,79,2.8667
7,1997,7.6,10.5,0,28.9,24.34,19.6,77.5,1.7333
8,1997,7.5,10.9,3.4,28.9,23.96,19.8,74.5,2.6333
9,1997,7.1,9.9,0,28.2,23.8,20.2,75.75,2.6333
10,1997,8.1,9.8,0,28.5,23.72,19,75.75,3.0333
11,1997,8.2,10.8,0,28.5,23.22,19.2,76.25,2.3
12,1997,7.7,11.4,0,28.5,22.64,19.3,76.25,2.1333
13,1997,5.8,11.4,0,27.7,22.94,18.8,62.75,1.8
14,1997,7.5,11.5,0,29.7,23.9,19,59.5,1.9
15,1997,7.4,10.5,0,28.9,24,20.1,61.75,1.3
16,1997,8.3,9.5,0,30.5,24.36,20,59.25,0.26667
17,1997,5.9,9.2,0,29.8,24.68,20.8,66.25,2.2
18,1997,7,10,0,29.7,24.98,20.4,60,2.3333
19,1997,7,8.5,0,29.9,24.92,20.8,60.75,2.0667
20,1997,7.2,8.1,0,30.2,25.36,20.8,60.5,2.3
21,1997,6.3,11.2,0,31.5,25.54,21,55,2.1667
22,1997,11,10.6,0,31.1,25.38,21.4,57.75,1.5
23,1997,11,8.1,0,31.6,25.46,21.9,68,0.96667
24,1997,5.8,5.3,19.6,30.2,23.12,20,78.25,1.0667
25,1997,4,5.2,84,28.1,24.06,19.8,68.25,1.5667
26,1997,4.6,5.3,0,28.5,24.02,20.2,73.75,1.2333
27,1997,4.4,0,20,24.1,21.3,19.6,92,0.86667
28,1997,1.3,0,17.1,22.2,20.62,19,94.25,1.2
1,1998,8.3,11.7,0,32.3,27.26,21.8,57.5,1.0667
2,1998,8.5,7.3,0,33.1,27.66,22.8,58.75,2.0333
3,1998,8.5,9.2,0,32.5,27.78,23.2,57.5,1.5333
4,1998,10.3,9.2,0,32.5,27.54,22.6,62,1.5333
5,1998,7.4,9.5,0,35.2,28.38,23.6,58.5,0.86667
6,1998,8.8,7.7,1.2,34.7,28.44,23.9,55.75,1.5333
7,1998,7.6,10.6,0.8,34.8,28.62,23.4,61.75,1.2333
8,1998,10.1,4.9,0,31.7,25.38,21.9,76.25,1.5333
9,1998,3.5,10.4,4.4,33.2,28,21.8,61.25,1.6
10,1998,6.7,7.5,38.8,32.5,25.4,21.4,76,0.9
11,1998,4.9,6.9,0,32,27,23.2,72.75,1.2667
12,1998,4.8,0.9,4.4,27.4,23.22,21.2,82.25,1.9667
13,1998,4.5,7.8,0,28,23.28,20,76,1.9
14,1998,5.1,6.8,0,29.8,25.2,21.2,70.25,2.4
15,1998,6.2,0,0,25.9,22.94,21.7,82.25,2.1
16,1998,2.8,0,3.7,23.5,21.74,20.8,89.75,1.1333
17,1998,1.2,0,49.8,22.2,19.96,17.2,96,0.8
18,1998,0.9,3.8,21.8,27.4,22.52,19,85.75,1.2
19,1998,2.9,6.7,3.8,28.4,23.48,19.8,74.5,2
20,1998,3.6,5.4,0,29,22.1,19.1,83,0.93333
21,1998,2.9,5.5,45.6,28.4,23.22,19.1,85,1.3
22,1998,2.8,4.4,15.2,29.3,23.96,20.5,74,1.4667
23,1998,2.8,6.8,2.4,29.9,23.6,20.8,79,1.0667
24,1998,3.5,3.9,32,29.1,23.82,20.2,78.25,0.76667
25,1998,3.9,7.9,2.4,30.8,25.86,21.8,67.25,1.6667
26,1998,4.6,9.8,0,31.5,26.78,22.2,66.75,1.8
27,1998,5.5,10.6,0,31.9,27,21.4,59.75,1.8333
28,1998,7,10.5,0,33.4,28.12,22.1,55,1.5667
1,1999,8,9.6,0.7,31.7,26.4,21.2,51,1.7333
2,1999,5,9.3,0,32,27.1,23.2,45.5,1.7
3,1999,7.5,10.6,0,30.5,25.76,22,59,2.1667
4,1999,6.7,11.1,0,31,26.46,22,45.5,1.9333
5,1999,8.4,7.2,0,30,25.82,22.2,58.25,1.5
6,1999,6.5,7,0,29.6,25.64,22.7,55.25,1.8
7,1999,6.4,6.6,0,29.8,24.96,22,58,1.0667
8,1999,6.3,10.7,0,31.4,25.5,20.1,52.75,1.5333
9,1999,6.2,10.4,0,32.7,27.2,22,49.25,1.6
10,1999,7,6.2,0,32,27.38,22.6,52.75,1.8333
11,1999,6.2,8.2,0,33.7,27.32,22.2,53.25,1.7
12,1999,6.8,7.5,0,29.7,24.52,20,62.5,1.8
13,1999,6,9.1,0.4,29.7,25.28,22.2,60.75,2.6333
14,1999,6.2,9.5,0,30.1,25.56,21.8,57.75,2
15,1999,6.5,11.1,0,31.6,26.24,21.6,53,2.4
16,1999,7.5,9.3,0,29.9,25.76,22.4,54.5,1.5667
17,1999,6.2,6.2,0,29,24.9,21.5,61.75,1.0667
18,1999,4.8,9.9,0.5,30.5,24.98,20,59,1.8667
19,1999,6.6,11,0,30.7,25.34,21.2,57,1.8333
20,1999,7.9,11.1,0,30.5,25.14,20.5,51,2.1
21,1999,7.6,9.2,0,30.1,24.84,20.2,55.25,2.0667
22,1999,7,5.6,0,29.1,23.68,20.4,80.75,1.4333
23,1999,2.9,0.8,33.6,24.2,22.12,20.4,76.5,1.2333
24,1999,3,6.4,1,28.3,22.74,20.2,75.75,1.4667
25,1999,3.4,2,17.8,25.1,22.12,20,83.75,1.8
26,1999,2.1,0,8.3,23,21.08,20,91,1.6
27,1999,1.3,2.1,7.9,23.2,20.98,19,87.75,1.1
28,1999,1.7,1.9,24.5,26.5,22,19.2,85.25,1.0333
1,2000,1.5,3.4,4,26.7,22.34,19.5,79.5,2
2,2000,2.3,2.7,7,26,20.8,17,87.5,1.3667
3,2000,1.1,7.2,19.7,29.1,23.28,19.2,73,1.3667
4,2000,3.1,3.6,0,29.4,24.54,19.8,70,0.9
5,2000,3.1,2.8,0,29.9,24.64,20,73.75,1.4667
6,2000,3.1,5.3,27.2,28.9,22.88,19.8,77.5,1.1333
7,2000,2.2,0.4,50.2,24.8,21.42,18.8,88.5,0.7
8,2000,1,0,29.6,23.1,20.8,19.4,90.75,1.0333
9,2000,1.1,0.1,9.9,24.4,21.54,19.4,84.5,1.1667
10,2000,1.8,4.4,6.1,28.7,23.8,19.4,66.5,1.8333
11,2000,4.2,10.5,0,29.1,24.52,19.8,63.5,1.2333
12,2000,5,9.2,0,28.3,24.28,20.8,65.75,1.7333
13,2000,5.3,11.1,0,28.9,23.8,20,64.25,2.5333
14,2000,6,10.5,0,28.8,24.66,21,59.25,1.5333
15,2000,6.3,10.8,0,30.3,25.04,20.8,53.75,2.1
16,2000,7,9,0,31.3,26,20.1,51.25,1.3333
17,2000,6.6,4.7,0,30.5,21.66,18.3,68.5,1.4667
18,2000,4.1,6.2,18.6,26.3,21.16,16.6,75.75,2.4667
19,2000,3,6.6,2,27.4,22.36,18.7,71.75,1.9333
20,2000,3.5,2.6,8.8,25.1,22.08,19.4,69.25,1.6333
21,2000,3.9,9.3,0,27.3,22.88,19.3,59.75,2.5333
22,2000,5.1,8.4,0,28.1,23.58,19.5,58.75,1.9667
23,2000,5.5,10.5,0,29.3,24.6,20.6,60.25,2.4333
24,2000,6.2,6.7,0,28.3,23.62,20.3,76.5,1.1667
25,2000,NaN,6.5,9.8,29.8,24.1,19.8,70.5,1
26,2000,5.7,4.7,1.1,30.5,25.12,22,63,1.5333
27,2000,3.6,3.9,0,28.7,24.6,21.5,61.5,1.7333
28,2000,4.4,9.6,0,29.5,24.34,20.7,61.25,1.2667
1,2001,4.2,7.2,0,31.7,26.82,22.2,62.25,1
2,2001,4.7,9.6,2,32.8,25.72,21.4,65.5,1.8
3,2001,5,7,7.8,32.5,27,21.3,57.75,1.2333
4,2001,5.6,8.3,0,33.3,28.18,22.6,44.75,1.1333
5,2001,7.9,3.8,0,32,27.84,24.6,53.25,1.6333
6,2001,6.1,8.6,7.6,32.5,26.18,19.9,57,1.6
7,2001,5.8,1.4,17.4,30.5,24.3,20.3,70.25,1.3
8,2001,3.2,5.1,18.1,30.5,24.94,19.9,65,1.1
9,2001,4.9,6.2,0,30.8,26.58,23.3,60,1.5667
10,2001,5.8,8.6,0,31.5,27.06,23.2,49.75,1.2
11,2001,6.9,7.7,0,31.6,26.76,22.2,47.75,1.1333
12,2001,6.7,5.5,0,30,24.16,20.3,76,0.53333
13,2001,5,6.8,11.8,28.5,24.34,20.4,67.75,1.6333
14,2001,3.9,10.6,0,31,25.04,19.2,58.25,2.1
15,2001,5.6,10.9,0,31,25.18,21.4,60.25,0.8
16,2001,5.8,8.7,0,31.5,26.28,21.9,60.25,0.5
17,2001,6.4,8.4,0,29.6,25.66,23.4,55.25,2.5
18,2001,7.4,10.8,0,30.3,25.52,21.4,48.75,2.4333
19,2001,7.5,10.5,0,30.3,25.32,21.4,52,1.9
20,2001,6.5,10.9,0,31.2,25.62,20.8,53.25,1.1
21,2001,6.2,10,0,30.6,25.54,21.5,53.25,1.5333
22,2001,7.9,10,0,29.9,25.54,21.3,52.75,2.5333
23,2001,6.5,6.5,0,29.3,24.82,22,61,1.5
24,2001,5.3,8.6,0,29.7,25.28,21.5,57,0.86667
25,2001,6.9,10.1,0,30.3,25.14,20.8,54.25,1.9
26,2001,6.6,8.9,0,29.8,25.16,21.2,54.5,1.9667
27,2001,6.1,7.5,0,29.3,24.66,21,56,2.1667
28,2001,5.5,6.7,0,28.6,23.46,19.9,60,1.0333
1,2002,4.3,5.9,17.4,30,23.34,19.9,73.75,0.83333
2,2002,3.9,3.6,7.2,27.3,23.3,20,79,1.2333
3,2002,2.4,7,3.5,26.1,21.68,19.7,75.75,1.7333
4,2002,3.9,10,0,29.3,22.74,17.3,65.25,1.9667
5,2002,4.8,6.3,0,27.5,23.32,19.4,66.5,1.3
6,2002,4.2,8.5,0,29.5,22.54,19.7,75,1.1333
7,2002,4.1,0.8,13.9,27.3,22.38,19.2,73,1.6667
8,2002,1.8,0,11.4,23.1,21,18.8,86.5,0.43333
9,2002,1.2,0.3,66.2,24.3,20.44,18.4,96.25,0.76667
10,2002,1,0.9,9.6,24.3,21.42,19.3,89.5,0.53333
11,2002,2,5.6,10.3,27.8,23.28,19.9,70.75,2.3
12,2002,3.9,7.7,0,28.4,23.42,20.1,63.5,1.6667
13,2002,5.1,11.1,0,29.5,23.96,19.2,59,1.3667
14,2002,5.1,10.1,0,30.5,24.8,18.9,58.25,1.0333
15,2002,4.8,3.8,5.9,29.5,22.44,19.8,81.75,0.86667
16,2002,2.5,7.4,23.2,30.1,23.8,19.6,71.5,0.66667
17,2002,4,2.8,26.2,27.1,21.66,19.4,84.25,0.83333
18,2002,0.8,0,31.2,22.1,20.48,19.2,88.5,1.1333
19,2002,1.4,0.3,7.5,24.5,21.24,19.2,83.75,0.86667
20,2002,1.6,1.7,4.2,26.7,21.34,19.1,84.25,1.2
21,2002,1.8,1.6,15.8,26,22.4,19.1,83.25,1.0333
22,2002,1.8,3.8,2.4,26.7,22.68,20,86.25,1.3
23,2002,0.7,1.9,19.6,28.1,21.94,19.6,86.75,1.3333
24,2002,1.5,4,25.4,28.9,22.68,19.6,82.25,0.53333
25,2002,3.6,5.7,2.3,26.8,22.64,20.2,64.75,2.5333
26,2002,4.4,3.8,0,25.1,21.9,19.2,72.5,2.9333
27,2002,5,0.9,0,26.1,22.72,20.2,72.25,1.9
28,2002,3.7,2.5,0.5,27.1,23.18,20.4,70.25,2
1,2003,5.9,11.1,0,29.3,24.52,20.7,61,2.4667
2,2003,5.8,9.6,0,29.4,24.64,21.1,57.75,2.2
3,2003,6.5,6.4,0,28.1,23.72,20.9,68.25,1.8
4,2003,5,7.2,0,29.5,24.54,20.3,63.25,1.8
5,2003,5.2,1,0,29.9,25.06,20.9,56.25,1.6333
6,2003,6.4,10.3,0,29.7,24.56,20.7,57.5,2.1333
7,2003,6.5,10.5,0,30.5,25.16,20.9,55.5,2.1667
8,2003,6.8,10.8,0,31,25.6,20.7,56.75,2.2
9,2003,6.5,11.2,0,31.2,25.92,21.4,49.25,2.4
10,2003,6.9,9.8,0,30.5,25.54,20.5,55.25,1.8
11,2003,6.6,10.8,0,31.8,26.5,21.6,46,1.9
12,2003,8,11.1,0,31.1,26.02,22.1,48.75,1.9667
13,2003,7.5,11,0,30.5,25.38,21.3,48.25,1.8667
14,2003,7,10.7,0,31.7,26.06,20.9,49.75,1.3333
15,2003,8.3,1.2,0,28.3,22.12,18.5,78.75,1.2
16,2003,2.2,2.2,75.9,27.2,23.1,18.5,71.5,1.3333
17,2003,3.3,8.3,0,30.1,22.84,19.4,78.75,0.83333
18,2003,2.7,6,44.4,29.5,23.02,19.2,77.75,0.83333
19,2003,2.9,3.6,24.8,27.4,21.52,19.3,87.25,1.6
20,2003,1.9,9.2,9.6,29.5,24.46,19.3,65,1.6333
21,2003,4.2,8.8,0,30.6,25.06,20.9,63.5,0.9
22,2003,5.5,11.1,0,29.8,24.5,20.3,58.75,2.4333
23,2003,6.6,10.6,0,29.8,25.24,21.5,55.25,1.5667
24,2003,6.5,11.1,0,30.1,24.88,20.9,51.5,2.2
25,2003,7.3,11,0,32.1,26.28,20.2,46,1.5
26,2003,8.2,1,0,32.6,25.38,21.3,66.25,0.43333
27,2003,4.4,9.6,28.2,31.8,26.14,21.3,61.5,1.5333
28,2003,5.5,10.2,0,30.7,25.56,21.6,59.25,1.3667
1,2004,6.8,5,0,27,23.12,19.9,82.25,0.93333
2,2004,2.4,1.7,15.2,25.6,21.84,19.9,84.25,1.2
3,2004,2.3,8,3.4,28,23.48,18.4,75,1.4
4,2004,3.6,10.6,0,28.2,24.46,20.5,74.75,0.26667
5,2004,5.1,8.6,0,31,25.96,20.3,68,1.5333
6,2004,4.7,2.7,0,29.8,24.72,21.7,77,1.7333
7,2004,3.8,1.8,0,26.7,20.88,17.9,87,1.8667
8,2004,2.2,0,30.3,19.8,17.94,16.9,88.25,2.9
9,2004,1.4,0,18.2,20.7,17.48,16.1,91,0.96667
10,2004,1.7,0,5.2,22.6,19.46,16.4,88.25,1.8667
11,2004,1.7,0.8,58,22.7,19.3,17.1,91.75,1.1
12,2004,1.2,0.2,13.4,23.9,20.18,17.5,84.25,0.8
13,2004,2.2,9.9,0,28.8,22.72,17.1,77,1.4667
14,2004,3.3,10,4.5,29.4,22.72,18.5,82,1.2667
15,2004,3.4,0,18.9,22.5,20.34,19.3,94.75,1.1333
16,2004,0.5,2.9,21,27.9,22.2,19.1,88.5,1.1
17,2004,0.5,3.9,14.6,27.8,23,19.7,83.75,1.9
18,2004,8.6,3.2,0.1,28,22.3,19.9,87,0.4
19,2004,2.4,4.2,14.6,28.3,22.7,19.9,84.5,1.3333
20,2004,2.7,1.5,1.8,26,22.2,19.9,88.5,0.63333
21,2004,1.8,0,5.7,23.2,21.06,19.5,91,1.0333
22,2004,2.1,7.9,12.5,27.4,23.54,20.2,71.25,2.0667
23,2004,4.1,8,0,29.6,23.08,19.9,80.25,1.7333
24,2004,2.5,4.6,81.4,29.3,23.18,17.5,77.25,1.5
25,2004,2.7,7.1,0,29.7,24.22,20,76.75,0.7
26,2004,3.7,3.4,1.2,29.7,23.9,19.9,71.25,1.7333
27,2004,3.6,7,3.8,29.3,23.64,19.8,78,1.1
28,2004,3.1,6.1,36.2,27.7,20.3,15.9,81.75,0.93333
1,2005,NaN,2.8,0,25.6,21.14,19.6,80.5,1.5433
2,2005,3,0,3.6,22.4,19.82,17.5,90,1.2333
3,2005,1.5,8.1,8.4,29.8,23.24,18.6,74.75,1.8667
4,2005,3.6,10.3,0.5,32.2,25.74,20.5,56.75,2
5,2005,5.9,1.5,0,27.3,22.74,20.6,82.5,1.2667
6,2005,2.2,9.5,10.2,29.6,23.42,19.8,76.5,1.0715
7,2005,4.2,9.1,0,25.8,20.72,15.9,59,2.0667
8,2005,5.2,10.6,0,25.9,20.66,16.4,57.25,2.4667
9,2005,5.7,9.1,0,25.1,20.7,16.1,59,1.8
10,2005,5.2,7.8,0.5,26.7,20.76,15.8,64.75,1.9333
11,2005,4.1,11.2,0,28.9,24.18,17.3,54,2.0333
12,2005,5.7,7.5,0.2,29.4,24.44,20.9,68,1.8
13,2005,4.1,8.1,0,30.8,23.94,20.6,65.5,2.1
14,2005,5,11,0.5,30.5,24.84,19.5,53.75,1.9667
15,2005,6.5,7.9,0,30.2,25.2,20.5,61,1.3667
16,2005,5.7,8.4,0,28.5,24.34,21.1,66.75,1.8
17,2005,3.8,7.3,0,30.5,24.34,21.3,74.25,1.1
18,2005,3.4,8.2,48.6,29.8,23.52,20.3,78,1.1
19,2005,2.7,3.8,36.2,28.2,22.12,19.1,83.75,1.4667
20,2005,1.7,10.8,5.8,30.7,24.28,18.6,61,2
21,2005,5.3,8.6,0,28.6,23.48,19.1,60,1.1
22,2005,5.1,10.2,0,30.3,24.32,19.7,60.5,1.4667
23,2005,4.6,9.8,0,31.6,25.72,19.5,60,1.2333
24,2005,5.5,7,0,30.6,25.56,21.1,63.75,1.4667
25,2005,4.5,5.5,0,31.5,25.26,21.7,61.75,1.6
26,2005,4,3,40.8,29,23.4,19.3,79,2.6333
27,2005,2.8,9.9,2.4,31.2,24.02,20,71,1.9333
28,2005,3.6,2.8,0.6,29.8,24.54,20.9,78,0.66667
1,2006,3,1.3,20,27.4,23.8,19.9,67.75,0.9
2,2006,4.6,6.6,0,29,24.9,21.6,55.5,1.6333
3,2006,7.8,10.6,0,29.2,24.22,21.4,53.75,1.9333
4,2006,7.7,11.6,0,29.8,25.12,20.9,47.75,1.4667
5,2006,8.4,10.7,0,30.4,25.22,21,50,2.8
6,2006,7.2,10.5,0,31.1,25.72,21.6,45.5,5.1333
7,2006,7,10.8,0,32.4,27.18,22,45.5,1.6333
8,2006,8.7,8.7,0,32.9,27.8,23.5,55.25,1.8667
9,2006,6.5,6.5,3.4,32.3,26.2,22,61.75,0.66667
10,2006,5.3,2.3,7.8,29.8,23.14,20.5,78.5,1.2
11,2006,3,3.8,16.5,27.9,23.7,20.5,84.75,0.56667
12,2006,2.4,3.4,37.8,26.1,21.88,18.3,78.75,2.3
13,2006,2.6,5.7,38,28.8,24.34,19.5,66.75,1.3
14,2006,4.6,6.6,0.2,31.7,24.98,22,68.75,1.4667
15,2006,5.7,5.6,0.7,31.4,26.02,22.6,64,2.1
16,2006,6.2,2.7,0,27.6,25.04,23.6,69,1.9667
17,2006,5.5,9.8,0,29.4,24.94,22.4,58.25,2.2667
18,2006,7.1,9.9,0,31.3,25.78,21.7,51.75,1.5333
19,2006,8.9,8.1,0,31.4,26.3,22.8,50.5,1.9667
20,2006,8.8,9.1,0,31.6,26.34,22.6,54.75,1.4667
21,2006,7.9,8.8,0,31.6,26.56,22,51.5,1.3
22,2006,7.1,6.8,0,30.5,24.96,22.4,63.25,2.3333
23,2006,6,2.9,0.1,27.3,23.26,21.3,75.5,2
24,2006,3.7,7.8,0.1,29.8,23.7,20,69.25,2.2333
25,2006,5.2,7.4,0.2,30,25.26,21.6,66.25,4.7
26,2006,4.5,4.9,1.3,31.1,23.72,20.8,77,1.6667
27,2006,2.5,2.3,6.5,28.8,24.6,21.8,71.75,0.9
28,2006,3.7,3.1,0,29.7,24.28,21.6,70.75,1.9333
1,2007,1.6,5.6,1.6,27.8,22.98,20.1,77.75,1.3333
2,2007,2.3,4.6,0,29.6,23.26,20.5,69.5,1.8
3,2007,3.2,3.6,31.8,26,22.5,19.6,79.5,0.93333
4,2007,1.8,5.4,12.4,28.7,23.3,20.5,76.5,1.4333
5,2007,3.1,4.8,15,28.3,22.64,20.5,80.25,1.5667
6,2007,2.2,0,24,24.1,21.42,19.3,85.25,1.8667
7,2007,1.4,1.4,4.7,26.8,22.98,20,72.75,2.3
8,2007,4.1,8.4,0.5,28.6,23.68,20.7,58,1.5
9,2007,7.2,10.3,0,29.1,24.18,20.7,61.25,2.1333
10,2007,7.4,9.9,0,29.7,24.96,20.7,54,2.4333
11,2007,5.7,8.7,0,31.2,26.46,21.4,52.75,2.2
12,2007,5.6,0,34.1,26.9,20.78,18.9,85.75,1.2667
13,2007,2.4,2.1,14.8,23.1,19.68,17.6,77.5,2.4667
14,2007,3.4,2.3,2.2,24.4,20.4,18.7,77.75,2.0667
15,2007,3.5,6.2,0,28.5,22.4,18.8,74.75,1.5333
16,2007,3.7,7.4,20.2,29.3,24.02,20.3,62.25,1.3
17,2007,5.1,6.8,0,29.7,24.96,21.6,65.25,1.5667
18,2007,4.3,5.8,0.2,30.6,23.6,21.1,73.5,2.1333
19,2007,4.3,2.3,3.6,27.1,23.5,21.1,72,2.5333
20,2007,4.6,7.4,0,27.8,23.48,21.3,65.5,1.7333
21,2007,6.7,10.7,0,28.7,23.6,20.7,56.25,2.6333
22,2007,7.7,10.9,0,28.7,23.56,20,55.5,2.5667
23,2007,8.3,9.8,0,29.7,24.36,20.8,53.75,1.7667
24,2007,7.5,9.1,0,28.5,23.02,19.9,58,1.7667
25,2007,6.3,7.1,0.4,27.8,23.12,19.5,59.25,1.8
26,2007,5.3,4.9,0,28.8,23.64,20.9,66.75,2.3667
27,2007,4.4,3.1,5.8,26.6,22.64,20.5,63.5,2.0667
28,2007,6.2,9.2,0,27.8,23.16,19.5,56.25,2.2
1,2008,1.6,7.5,4,31.8,23.92,20.1,71.5,0.93333
2,2008,3.9,5.4,0,29.6,24.66,22.4,72.75,1.9667
3,2008,2.9,2.3,0.4,27.1,22.26,20.5,86,1.8
4,2008,1.6,0,21.6,22.1,19.82,19.1,92.5,1.4
5,2008,0.7,0.7,35.6,24.1,20.9,18.9,79.75,0.8
6,2008,1.8,4.2,1.6,27.8,22.4,20.1,76.25,1.7667
7,2008,2.5,6.3,23.8,28.6,23.6,19.3,66.5,2.4
8,2008,4.1,8.4,0.2,30.8,23.52,20.2,74,2.4333
9,2008,4.1,10.7,11.6,31.9,25.26,20.5,52.5,1.8667
10,2008,7.1,9.9,0,32.4,26.22,21.6,52.75,1.7667
11,2008,5.2,6.1,0,31.4,26.22,21.8,60.5,1.2
12,2008,5,11,0,32,26.06,22.1,55,1.9
13,2008,8.5,9.2,0,29.8,24.84,20.3,59.25,1.9
14,2008,6.4,11.1,0,30.4,25.22,22,53.25,1.8
15,2008,8.3,10.9,0,30,24.66,21.6,51.75,2.2
16,2008,9.7,9.5,0,28,23.92,20.7,53,1.7667
17,2008,8.7,9.6,0,29.2,24.4,20.1,50.75,2.3667
18,2008,7.7,7.6,0,30.8,24.94,21.6,56.25,1.2667
19,2008,6.4,0.2,0,24.6,21.24,19.3,79.25,2.9667
20,2008,1.7,8,5.7,30,24.08,19.1,61.25,1.3
21,2008,5.3,4.2,3.3,28.7,23.82,20.9,68.75,1.5667
22,2008,4,2.5,2.6,28.8,23.08,20.7,75.75,2.5333
23,2008,2.8,5.3,0.2,28.8,24.48,20.9,67.5,1.3
24,2008,3.6,2.1,0,26.8,23.74,21.6,77.25,1.7667
25,2008,2.2,1.4,74.3,25.6,21.34,19,85.75,1.4667
26,2008,2.2,10.7,23.7,30,23.96,18.9,59.5,2.2667
27,2008,5,7.2,0,28.5,23.1,19.3,65,1.7
28,2008,5.2,7.9,0,27.4,22.4,18.3,61.25,2.2
1,2009,4.2,6.5,0,31,25.56,21.9,64.5,1.1
2,2009,4.1,5.5,14.8,29.1,22.94,18.8,73.5,1.4
3,2009,3.9,10,30.2,29.4,23.92,18.7,60.25,2.3
4,2009,6.9,10.1,0,31.3,25.82,21.3,56.25,2.0333
5,2009,5.8,7.3,0,31.2,25,21.1,65.5,1.4667
6,2009,4.3,4.2,0,29.5,24.4,21.4,74.5,1.3333
7,2009,3.1,6,1.2,29.8,23.86,19.5,83.25,1.3
8,2009,2,4.2,26.2,28,23.24,19.5,83.5,1.1333
9,2009,1.7,6.3,18,30.4,24.6,20.3,68.75,1.3667
10,2009,3.5,1.5,0.5,26.7,23.62,21.1,78.5,0.33333
11,2009,3,7.9,0,30.3,24.06,21.6,80.25,1.9333
12,2009,3.3,4.6,12.2,29,24.86,21.4,69.75,1.7333
13,2009,3.1,0,41.6,26.2,21.4,19.3,81.75,1.6667
14,2009,1.8,0,32.1,22.8,20.72,18.5,83,1.7
15,2009,2.5,1.5,1.8,26.8,22.8,19.9,65.25,1.7667
16,2009,5.3,10,0,28.6,23.36,19.5,56,2.2
17,2009,7.5,10.6,0,28.8,24.06,19.9,53.75,1.9
18,2009,7.6,6.7,0,28.6,23.96,20.6,57.5,2.7667
19,2009,7.4,10.9,0,30,24.24,20.1,56.5,1.9333
20,2009,6.7,4.4,0,29.4,24.14,20.2,61.25,1.8333
21,2009,5.5,8.1,0,30.2,25.16,20.1,58.5,1.5333
22,2009,5,4.5,5.5,30.2,21.92,18.9,76.5,0.86667
23,2009,3.6,6.2,23.7,29,23.64,18.5,70.75,1.4333
24,2009,3.7,5.9,0,29.2,24.56,20.5,72.5,1.1
25,2009,3.4,6.5,8,30,24.2,18.9,65.25,1.2
26,2009,5.5,9.6,0,29.8,24.94,21.8,62,2.4667
27,2009,7.3,10.3,0,30.5,25.18,21.3,58.75,1.6667
28,2009,7.4,11.1,0,30.4,25.08,20.1,55.25,2.1333
1,2010,6.9,11.4,0,29.8,25.06,21.1,55.75,2.2
2,2010,8.4,11.5,0,30.8,25.8,21.8,53.5,2.4
3,2010,8.7,10.1,0,31.6,26.52,22.1,51,2.4333
4,2010,8.9,10.6,0,30.4,25.68,21.7,52,1.6333
5,2010,8.7,11.3,0,30.6,25.3,20.5,47.75,1.9667
6,2010,8.7,8.5,0,28.8,23.7,19.4,64.5,2.2667
7,2010,6,7.8,1.2,29.6,24.96,20.2,53.5,1.3333
8,2010,5.8,7.2,0,30.9,25.26,20.8,53.75,1.2
9,2010,5.9,7.6,0,30,24.04,20.5,66.25,1.1667
10,2010,5,7.1,6.3,30.3,24.76,20.2,59.25,1.3
11,2010,8,10,0,28.8,24.4,20.4,60,1.2667
12,2010,7.4,9.4,0,29.4,24.28,19.6,53,2.2333
13,2010,9.2,11.2,0,30,25.06,20,48.25,2.4
14,2010,8.7,9,0,31.2,25.76,20.7,52.75,2
15,2010,7.5,10.9,0,30.8,25.9,20.9,53.25,2.0333
16,2010,7.7,10.3,0,33.4,26.46,21.8,52.25,1.4667
17,2010,7.3,9.1,0,34.3,28.2,22.8,46.25,1.3333
18,2010,7.6,3.1,0,30.4,22.32,17.9,75.75,1.5667
19,2010,5.4,2.2,25.6,27.5,23.68,19.2,65,2.0333
20,2010,5.8,3.9,0,30.5,25.18,21.8,61,0.93333
21,2010,5.4,10.3,0,30.6,25.56,20.9,53,1.9333
22,2010,8.2,8.6,0,31.9,26.04,21.8,52,0.66667
23,2010,6.6,8.9,0,33.1,27.4,22.6,43.75,1.4
24,2010,7,4.7,0,32.2,27.68,23.3,50.75,0.93333
25,2010,6.1,4.7,0,31.8,26.2,22.7,53.5,1.4
26,2010,5.8,0.6,0.6,27.1,22.24,19.8,77.5,4.1333
27,2010,3.1,3.9,37.3,27.4,23.12,19.9,71.75,2.3667
28,2010,4.6,1.1,0,26.7,22.96,21.2,84.25,2.5667
1,2011,8.2,6.3,0,31.3,25.94,22.3,56.25,1.4
2,2011,7.5,11.3,0,30.2,25.3,21.1,52.25,2.3
3,2011,8.4,8.2,0,30.3,24.92,21.1,51.25,2.8333
4,2011,8.8,10.5,0,29.5,24.06,20.2,51,3.1333
5,2011,8.5,11.5,0,30.4,24.92,20.3,52.25,2.2
6,2011,9,11.3,0,30.4,24.92,20.4,53.5,2.4333
7,2011,8.3,11.3,0,31.1,25.28,21.2,51.75,2.5
8,2011,9.2,11,0,30,24.54,20,49,2.0667
9,2011,8.8,9.4,0,30.8,25.06,19.7,52,2.3333
10,2011,7.4,7.7,0,32.2,26.54,21.4,50.75,1.6
11,2011,7.7,4.7,0,31.6,26.1,20.1,56.25,2.1
12,2011,5.6,11,0,31.2,25.5,21.7,54.75,2.4667
13,2011,8.7,5.4,0,29.7,24.34,21.1,57.75,2.2
14,2011,7.2,8.7,0,30.4,25.4,20.3,49.5,1.5667
15,2011,8.1,9.9,0,30.2,25.78,21.7,51.75,1.7
16,2011,8.6,10.4,0,30.2,25.12,20.7,51.75,2.8667
17,2011,7.5,3,0,28.1,23.8,20.4,59.25,2.1
18,2011,6.8,9.5,0,30.2,24.76,20,49,2.6333
19,2011,8.7,10.6,0,30.6,25.2,19.4,47,2.4
20,2011,8.6,10.2,0,32.4,25.94,20.8,52.5,1.7667
21,2011,8.4,10.1,0,31.5,25.72,20.5,50,2.1
22,2011,8.2,9.2,0,32.8,26.24,21.2,51.5,0.96667
23,2011,6.5,6.5,0,32.4,26.42,21.4,56.25,1.8667
24,2011,5.3,5.9,0,30,24.42,19.7,73.75,1.1
25,2011,3.6,8.3,8,30.3,25.02,20.9,65.25,1.3667
26,2011,4.2,6.3,18.7,29.8,24.24,19.1,66.25,1.7667
27,2011,4.3,9.8,0,31.6,23.8,20.1,71.5,2.2333
28,2011,4.2,3,39.9,29.3,22.18,17.7,77.25,1.7
1,2012,2.9,5.3,1.2,26.8,21.92,18.6,67.5,1.2333
2,2012,4.4,7.5,0.7,27.1,22.34,18.3,58.25,1.5
3,2012,5.5,10.6,0,28,22.64,18.1,58.5,2.3667
4,2012,6.9,9.7,0,27.4,22.72,18.5,53.75,1.5667
5,2012,8,11.3,0,29.2,24.12,19.5,53.25,0.9
6,2012,8,8.5,0,29,24.04,19.9,58.25,1.3
7,2012,7,8.2,0,32,24.3,20.4,62,1.4667
8,2012,6.1,7.5,21.9,31.2,25.36,18.1,53,0.9
9,2012,5.9,5.8,0,30.9,25.88,21.7,58,0.63333
10,2012,4.5,4.1,4.2,29,24.72,20.7,62.75,0.76667
11,2012,5,0.9,0.2,28.1,24.8,21.4,63.75,1.2
12,2012,4.7,3.2,2.9,28.2,23.26,20.3,72.25,1.0333
13,2012,3.8,5.9,0.2,27.5,22.84,19.7,62.25,1.0333
14,2012,6.4,9.5,0,28.6,23.6,19.9,57,1.2333
15,2012,7.4,8.9,0,28.2,23.74,20.1,57.25,2.3333
16,2012,6.9,9.8,2.2,28,23,19.3,56.75,1.3667
17,2012,6.7,8.2,0,28.2,22.9,19.3,56.75,1.5333
18,2012,4.9,10.2,0,27.8,23.36,19.7,58.75,1
19,2012,8.8,6.3,0,27.8,23.32,19.9,62,1.8667
20,2012,6.7,4,0,25.7,21.82,19.5,59.5,1.7
21,2012,7.1,6.3,0,27.6,22.56,18.7,58.5,1.6
22,2012,5.6,2.4,0,27.2,22.8,20.3,71,1.0667
23,2012,4.3,5.2,0.7,29.4,24.06,20.4,62.25,1.1
24,2012,4.8,8.3,0.1,30.2,25.2,21.1,58,0.83333
25,2012,7.4,10.9,0,29.2,24.34,21.2,49.25,0.76667
26,2012,8.9,11.1,0,31,24.9,19.7,48.5,0.5
27,2012,8,10.3,0,31.6,26.04,20.9,45.75,1.4
28,2012,9.8,9.3,0,31.4,25.68,21.7,50.25,1.4
1,2013,1.5,3.9,12.8,27.7,23.84,19.8,67.25,1.1667
2,2013,5.6,3.5,0,27.7,22.3,18.6,77.5,0.7
3,2013,2.9,9.4,33,30.6,24.66,18.2,57,0.53333
4,2013,5.9,2.9,0,28.8,23.06,19.4,75.5,1.1859
5,2013,3.6,1.4,5.2,27.8,23.66,19.4,66.75,1.3667
6,2013,4.7,2.2,2.6,25.9,22.06,18.7,72.5,0.76667
7,2013,5.2,9,0,28.4,23.78,19.8,57.75,2.1333
8,2013,7.3,7.4,0,28,23.54,20.2,63.25,1.4667
9,2013,6.7,6.7,0,29.9,24.64,20.4,57.25,2.2
10,2013,6.9,10.9,0,29.2,24.58,21.2,58.75,1.9
11,2013,8.4,8.1,0,29.6,24.58,20.8,56.75,1.0333
12,2013,8,10.5,0,30.2,24.9,19.2,46,0.8
13,2013,8.4,8.4,0,31.2,25.46,20.2,50.25,1.5667
14,2013,10.7,11.1,0,30.9,25.5,21.2,52.25,0.86667
15,2013,8.7,10.4,0,30.9,25.76,21.1,55.5,1.0333
16,2013,8.1,10.2,0,30,25.02,21.6,60.25,1.1333
17,2013,8.4,10.5,0,30.1,25.28,21.4,55,1.8333
18,2013,8.8,11.2,0,31.5,25.42,21.2,55,0.73333
19,2013,10.2,10.5,0,29.4,25,21.2,54,2.2667
20,2013,9.3,10.8,0,29,23.98,20.2,53.25,1.4333
21,2013,9.3,10.7,0,29.2,24.14,19.8,53,2.2333
22,2013,7.4,8.6,0,30.3,24.62,20.2,54.5,0.96667
23,2013,7.9,10.8,0,30,25.16,20.4,48.75,1.1
24,2013,9.1,5.6,0,27.8,23.5,20.2,63,1.6333
25,2013,6.5,7.9,0,30.2,24.68,19.6,55.75,1.7
26,2013,6.3,9.7,0,32.8,26.62,20.5,51.75,0.96667
27,2013,5.6,6.6,0,31.6,23.78,20,71.5,1.4
28,2013,4.5,7.2,21.8,29,23.7,19.4,63,1.3333
1,2014,8.7,11.3,0,29.4,24.8,20.8,54.5,1.6333
2,2014,7.4,8.3,0,30,25.34,21.4,54.25,0.9
3,2014,7.8,10.2,0,30.4,25.22,21,49.5,1.5667
4,2014,8.6,11.4,0,31.1,26.3,21.8,47.5,1.2333
5,2014,8.2,10.4,0,29.4,24.86,21.6,58.5,2.2333
6,2014,7.2,11.4,0,29.3,24.44,20,55,1.1333
7,2014,7.8,8.6,0,29.4,24.38,20.4,49.5,0.76667
8,2014,8.4,11.2,0,30.2,24.6,20.2,53.25,1.8333
9,2014,8.4,11.2,0,29.6,24.62,20.4,48.75,2.6
10,2014,8.5,11.3,0,30.2,24.78,20.6,55.5,1.5333
11,2014,7.3,9.2,0,28.9,24.02,20.2,51.25,1.2333
12,2014,8,5.8,0,28.7,23.74,19.8,54.75,1.8
13,2014,6.9,8.9,0,31.2,25.48,20.4,47.25,1.2
14,2014,7.5,5.8,0,31.9,25.32,21.2,58.5,1.0333
15,2014,6.3,2.9,0,30.8,25.8,22.6,52.5,1.7333
16,2014,7.2,0.6,0,27.4,23.76,21.2,63.5,1.3
17,2014,4.7,2.8,0,29,22.62,20,76,1.0333
18,2014,3.7,1,22.6,25.9,22.12,19.3,73.5,1.8
19,2014,3.3,8.2,0.3,28,23.5,18.8,57.75,1.6333
20,2014,5.6,11.1,0,29.4,23.98,19.4,55.75,1.3667
21,2014,7.1,11.1,0,29.5,23.8,19.8,60,2.3667
22,2014,7.3,8.8,0,29.8,23.94,19.3,57.5,2.2
23,2014,6.8,10.5,0,29.6,24.84,20.8,57.25,1.7
24,2014,7,7.9,0,30.4,24.96,20,54.75,1.0333
25,2014,6.9,7.7,0,30,24.4,19.5,52.5,1.8
26,2014,7.3,11.1,0,30.6,24.76,19.6,49.25,1.3
27,2014,8.4,9.9,0,31.3,25.96,20.2,51.5,0.93333
28,2014,6,6.9,0,33.2,24.46,21,64.75,1.3
1,2015,7.3,9.8,0,32,26.02,21.7,53,1.3
2,2015,7.5,11,0,31.1,26.2,22.8,51,1.2667
3,2015,6.7,7.3,0,29.6,23.5,21.2,63,0.96667
4,2015,5.9,5.1,13.4,29.8,22.9,18.8,72.25,0.83333
5,2015,3.2,1.2,16.3,26.3,21.04,19.2,85.25,1
6,2015,4.7,0,39.5,22.3,20.16,19,91,1.3
7,2015,0.9,1.4,5.2,26.5,20.5,17.9,89.5,0.96667
8,2015,0.8,0,25.5,21.3,20.12,19.2,95.5,1.3
9,2015,0.4,1.9,38.8,24.4,21.14,19.4,87.75,0.83333
10,2015,1,8.8,11.9,30.8,24.46,19.4,67.75,0.8
11,2015,5.3,4.2,0,29,24.5,21,60.5,1.2667
12,2015,4.1,11.3,0,31.5,26.2,20.9,45.25,0.96667
13,2015,5.8,11.2,0,32.2,26.86,21.6,47.25,1.0667
14,2015,7.3,8.4,0,31.8,26.04,21.8,51.75,0.76667
15,2015,7,9.2,0,30.4,25.66,22.2,57.75,0.9
16,2015,6.2,6.7,0,30,23.06,19.8,63.75,0.76667
17,2015,4.4,4.7,42.9,29,23.94,19.8,68.25,0.9
18,2015,4.1,0.4,0,27.1,21.58,18.8,75.5,1.25
19,2015,2.4,0.3,18,27.4,22.2,18.9,75.25,0.9
20,2015,3.1,8.2,1.2,29.2,24.62,20.8,54.25,1.3667
21,2015,5.9,11.1,0,28.6,24.38,21.2,54.75,1.5333
22,2015,6.2,10.6,0,29.2,24.58,21,52.25,0.96667
23,2015,6.7,10.5,0,29.4,24.62,20.6,54.5,1.2333
24,2015,7.2,7.6,0,29.3,24.02,20.7,59.5,1
25,2015,6,5.1,0,29.8,23,19.6,72,1.1667
26,2015,3.4,8,13.7,32,25.1,20.2,62,1
27,2015,5.3,5.9,2.2,28.4,23.26,20.2,75.75,0.95
28,2015,2.9,6.7,35.2,30.2,24.14,19.7,71,0.46667
1,2016,8.2,9.2,0,31.7,26.16,20.1,54,0.6
2,2016,5.5,9.9,0,33.7,26.8,20.9,47.5,0.83333
3,2016,7,8.4,0,31.3,26.32,21.5,53.75,1.3667
4,2016,5.9,6.9,0,31.2,25.84,21.6,57.75,0.7
5,2016,5.9,7.8,1.3,30.7,25.5,20.7,55.5,1.2
6,2016,5.5,9.1,0,32.6,26.46,20.2,46.75,1
7,2016,7.8,9.1,0,31.2,26.02,21.6,51.25,1.2
8,2016,7,8.7,0,30.8,25.08,21.3,51,0.96667
9,2016,7.5,10.2,0,31.8,26.1,20.4,48,1.0333
10,2016,8.9,9.8,0,33.7,27.2,20.6,47.5,0.9
11,2016,7.7,8.2,0,33.4,26.9,22.4,52.5,1.2333
12,2016,8.1,4.9,0,30.6,23.66,18.8,68.5,1.3
13,2016,5,7.1,85.4,27.5,23.54,18.8,71.25,1.6
14,2016,4.2,8.3,0,31.4,25.56,20.6,61.25,0.7
15,2016,5.7,6.4,0,31.7,24.82,21.6,64.25,1.7
16,2016,5.8,8.5,1,31.9,26.1,20.1,57.25,1.6333
17,2016,6.6,8.8,0,32.8,27.54,22.2,50.25,1.2
18,2016,6.7,1.4,16,29.8,24.66,18.6,57.75,0.9
19,2016,6.2,0.9,0,30.3,24.84,21.2,65,0.86667
20,2016,1.9,10.2,0.6,32,26.58,21,45.5,1.2667
21,2016,0,8.2,0,31.1,26.12,21.6,56.5,0.93333
22,2016,NaN,8.2,0.9,29,24.92,20.9,58.5,1.3
23,2016,6.4,9,0,29.5,25.26,20.6,52,1.6
24,2016,7.2,9.2,0,31.1,25.64,20.7,54.5,1.1333
25,2016,3.7,6,0,32.1,23.22,18,67.5,1.0333
26,2016,5.8,3.4,49.6,28.8,22.32,18,75.5,0.83333
27,2016,3,7.6,9.7,32,24.14,18.8,70.25,1.6333
28,2016,3.5,3.8,4,30.4,23.82,20.2,74.25,0.5
1,2017,7.7,1.3,0,26.9,23.48,21.1,62,1.7333
2,2017,5.6,5.7,0,28.3,23.72,21.5,71,1.6
3,2017,3.5,2.1,6.1,25.9,22.74,20.3,76.25,0.96667
4,2017,2.5,5,7,29.7,22.9,20.5,77.25,0.73333
5,2017,3.1,1.3,20.9,26,22.52,20.5,83.5,0.63333
6,2017,1.6,6.5,56.4,28.2,22.92,19.2,79.5,1.3333
7,2017,2.9,5.3,8.8,30.2,24.22,20.3,73.75,1
8,2017,3.4,4.2,0.7,28.2,24.18,21.5,73.75,1.0667
9,2017,4,8.7,3.6,28.7,24.08,20.5,62.75,1.7
10,2017,6,6.6,0,26.5,23,20.7,66.75,1.7333
11,2017,4.8,3.1,0,28.1,23.8,20.8,58.75,1.8667
12,2017,6.1,8.7,0,27.6,23.7,20.9,54.75,2.5333
13,2017,8.2,8,0,26.5,22.52,20.1,65.5,1.9
14,2017,5.4,9.3,1,27.9,23.52,19.7,56.5,2.0333
15,2017,8,7.4,0,27.2,23.66,20.6,62.75,1.1
16,2017,6.2,5.6,0,28.7,24.28,20.5,56,1.55
17,2017,6.8,9,0,30.1,25.42,20.9,53,1.2333
18,2017,7.2,10.3,0,30.7,25.76,22.3,55,1.0333
19,2017,7.8,10.9,0,30.8,25.3,21.8,52.5,1.2
20,2017,NaN,10.1,0,30.1,25.06,20,50,1.7667
21,2017,7.2,10.8,1.2,28.4,23.96,20.3,57.25,1.9667
22,2017,6.6,7.4,0,27.9,23.48,19.9,59.75,2.1333
23,2017,5.6,10.4,0,31,24.98,20.9,53.75,2.1333
24,2017,7,8.8,0,30.5,25.1,20.6,54.25,0.86667
25,2017,5.7,3.8,0,29.6,23.1,19.6,67,1.1
26,2017,3.2,0,13.4,24.1,20.68,19.6,88.5,0.93333
27,2017,1.3,1.1,23,26.5,21.62,18.9,84,0.73333
28,2017,2.1,3.2,0.5,26.6,21.86,20.2,80,0.63333
1,2018,2.5,1,11.4,25,21.34,18.9,88,0.93333
2,2018,1,0,25,21.9,20.12,19,93.5,0.8
3,2018,0.9,2.8,27.1,25.9,21.6,19,80,1.4667
4,2018,2.6,0,3.4,21.5,19.78,18.9,87.75,1.3667
5,2018,1.5,0,42.7,22,19.24,17.1,93.25,0.9
6,2018,0.3,2.9,41.8,27.1,21.16,18,82.25,0.53333
7,2018,2,3.2,6.5,28.2,22.94,19.2,73,1.0333
8,2018,5.4,8.6,0,30.5,24.44,18.9,62,0.6
9,2018,5.5,0.6,0,24.8,25.22,21,71.5,2.2
10,2018,5.7,2.3,0,28.3,24.24,21.7,75,1.15
11,2018,2.9,10,3.2,30.7,25.08,21.1,58.75,1.6
12,2018,7,9.5,0,30.6,25.22,20.6,43,0.43333
13,2018,7.7,9,0,30,25.58,21.2,48,0.96667
14,2018,7.3,9.8,0,29.7,24.96,21.7,67.75,1.6
15,2018,7.3,7.4,0,28.6,24.02,20.2,55.75,0.96667
16,2018,6.1,5.1,2.6,29.4,23.14,19.2,63,1.5
17,2018,4.8,6.1,0.6,27.4,23.56,21.3,62.25,0.7
18,2018,5.4,6.7,0,29.8,25.06,21.8,56.5,1.3333
19,2018,6.1,3.5,0,28.1,23.8,23.1,76,0.86667
20,2018,2.6,4.7,5.2,28.2,22.88,20.3,81.5,1.1
21,2018,3.3,3.6,3.5,27.9,23.52,21.3,79.5,0.7
22,2018,1.8,0.7,11.2,26.1,21.54,20.1,87,1.0333
23,2018,1.3,1.7,7.6,27.5,23.26,19.5,71.75,0.7
24,2018,3.2,2.3,0,28.2,22.46,20.3,75,1.2
25,2018,3.6,4.8,16.6,27.4,23.26,20.4,68.25,1.5667
26,2018,5.3,4.2,0,28.1,23.14,21.3,80,0.7
27,2018,2.8,6.7,4.7,29.6,25.24,20.9,60.75,1.7
28,2018,4.9,3.6,0,29.1,24.32,22,72.5,1.2
1,2019,9.4,11.2,0,32.3,27.44,22.5,41.75,1.6333
2,2019,9.1,11.3,0,32.8,27.66,22.2,42.25,1.3333
3,2019,8.8,8.9,0,35,28.78,22.6,41.25,1.5
4,2019,7.7,1,0.8,30.8,24.14,19.2,61.25,1.6
5,2019,5.9,8.3,1,30.9,23.88,19.6,64.5,1.3333
6,2019,4.1,0.1,13,26.8,21.68,19.2,88.75,0.73333
7,2019,2.4,0.8,32.4,23.9,21.18,18.9,85.75,0.56667
8,2019,1.3,8.5,7.1,31,24.26,18.2,63.25,1.1333
9,2019,4.7,10.1,0,30.6,24.98,19.7,60.75,1.8333
10,2019,5.5,9.9,0,31.8,25.8,20.8,58,1.5333
11,2019,6.2,8.2,0,31.1,25.88,21.1,55.75,0.9
12,2019,6,5,0,31.1,26.12,21.4,56,1.2667
13,2019,5.6,4,0,30,22.98,18.7,76.25,1.4333
14,2019,3.4,3.3,44.9,28.1,22.38,18.5,72.75,0.66667
15,2019,3.1,0.4,0.2,25.3,22.24,19.4,84.25,1.0333
16,2019,1.4,0.6,15.5,25.6,21.78,19.2,87.25,0.66667
17,2019,1.3,2.1,27.1,26.4,21.42,18.3,85.5,0.8
18,2019,1.3,3,39.4,27.1,22.24,18.8,84.5,1.0667
19,2019,1.7,5.6,15.1,28.7,23.84,19.1,75,0.7
20,2019,3,5.3,0,29.6,25.46,21,69.5,0.96667
21,2019,4.3,1.4,9,26.9,22.48,18.6,78.75,0.8
22,2019,3.3,10.9,3.2,31.9,25.62,18.5,57,1.2333
23,2019,4.7,11,0,33.5,27.32,21,49.25,1.2667
24,2019,5,10.5,0,33.8,27.74,21.8,46.5,0.8
25,2019,7.3,9.4,0,34.7,27.92,22.2,47.5,1.2
26,2019,7.2,7.6,0,34.5,25.08,19.9,68.25,1.4667
27,2019,4.2,7.2,14.3,32,26,19.3,57.25,1.2
28,2019,6,3.5,0,27.7,23.94,19.9,74.5,0.7
1,2020,4.2,5.1,29.6,31.2,25.42,19.2,80.75,0.96667
2,2020,3,4.6,21.4,32.4,25.06,19.2,63.75,1.0667
3,2020,4,8.3,33.8,31.8,25.9,20,55,1.4
4,2020,6,5.8,0,31.3,25.68,20.2,60.25,1.0667
5,2020,4.6,1.2,36.1,26.8,22.34,18.3,79.25,0.76667
6,2020,2.2,0.3,6.1,25.8,20.46,17,86.5,1.4667
7,2020,2.2,3.5,65.3,27.7,22.78,16.9,66.5,1.7333
8,2020,4.1,6.2,0,28,21.96,18.2,77.5,0.96667
9,2020,2.9,2,10.2,26.7,22.54,17.6,76,0.6
10,2020,3,6.2,1.1,30,25.02,19.7,63,2.0667
11,2020,4.4,0.1,6,27.2,22.48,19.2,88.75,0.56667
12,2020,1.5,0,37.1,25.7,21.6,18.4,84.75,1.0667
13,2020,2.1,1.2,0,23.9,20.82,18.3,84,1.4333
14,2020,1.4,8.5,7.3,29.6,23.54,17.4,67.5,1.5333
15,2020,4.1,9.2,1.8,30.5,24.56,19.7,73.25,1.2
16,2020,3.9,1.1,20.2,29.2,24.52,20.9,70.25,1.1667
17,2020,3.3,1.4,8.8,28.8,23.14,18.2,75.25,0.96667
18,2020,4.2,7.5,0,29.7,24.7,19.3,63.5,1.5667
19,2020,5,9,0,30.5,24.92,19.8,61.75,1.4667
20,2020,10.8,7.1,0,30,25.3,19.8,61.5,0.7
21,2020,1,4.7,0.4,30.8,25.16,21.3,65,1.2
22,2020,5,6.2,0,30.4,23.84,19.9,74.25,0.96667
23,2020,4.4,0.4,8.6,25.7,21.72,18.8,74.5,1.7333
24,2020,3.1,1.2,0,25.3,21.64,18.8,80.75,1.1
25,2020,2,2.2,5.5,28.8,23.78,19.2,78.5,0.9
26,2020,2.8,2.8,2.5,28.5,23.62,20.1,81.5,1.1333
27,2020,2.7,6.1,2.4,30.7,24.68,19.2,69.5,0.9
28,2020,4,0,62.4,25.1,21.74,19.2,88.5,0.6
